1911,NaN,NaN,NaN,NaN,NaN,NaN,NaN,NaN,NaN,NaN,NaN,NaN,NaN,NaN,NaN,NaN,NaN,NaN,NaN,NaN,NaN,NaN,NaN,NaN,NaN,NaN,NaN,NaN,3.21,3.36,3.33,3.28,3.02,3.06,3.62,2.33
1912,1.91,1.91,1.91,1.91,1.91,1.91,1.77,1.75,1.75,1.93,2.02,2.29,2.73,3.70,3.95,5.76,5.23,5.42,6.87,7.85,8.05,9.97,8.66,6.92,4.18,3.08,2.73,2.80,2.62,2.30,1.86,1.86,1.95,1.86,1.68,1.61
1913,1.74,1.66,1.57,1.49,1.58,1.49,1.47,1.35,1.34,1.26,1.26,1.32,1.81,3.53,4.46,6.82,10.40,13.80,13.90,20.4,24.00,24.10,15.40,10.30,7.59,5.12,2.81,1.93,1.57,1.46,1.47,1.55,1.47,1.40,1.21,1.32
1914,1.20,1.21,1.27,1.36,1.30,1.25,1.25,1.25,1.23,1.23,1.23,1.48,1.93,1.87,5.51,9.89,14.60,20.60,18.60,19.4,16.60,12.30,11.60,8.76,6.87,5.34,2.75,1.58,1.18,1.06,0.99,0.77,0.77,0.92,0.80,0.64
1915,0.64,0.70,0.70,0.76,1.09,0.64,0.57,0.57,0.57,0.57,0.57,0.79,2.68,2.91,3.83,6.22,10.20,10.60,11.40,13.3,14.50,17.40,20.00,20.80,13.00,8.31,5.57,3.59,2.83,2.45,2.17,2.08,1.92,1.92,1.99,1.91
1916,2.11,1.70,1.60,1.50,1.62,1.92,1.61,1.61,1.61,1.61,1.67,1.63,1.78,2.80,4.32,8.56,8.41,9.72,13.00,14.4,17.10,19.50,22.00,15.10,7.92,3.66,1.22,0.30,0.25,0.20,0.23,0.20,0.33,0.18,0.24,0.32
1917,0.18,0.20,0.21,0.19,0.19,0.21,0.21,0.20,0.19,0.19,0.20,0.19,0.64,1.04,2.38,6.18,8.59,14.60,NaN,NaN,NaN,29.80,26.70,7.88,11.10,9.96,9.86,0.69,7.85,6.90,6.75,6.63,6.92,7.14,6.96,7.00
1918,6.06,5.51,5.51,5.51,5.51,5.51,6.50,5.51,5.79,5.51,5.70,5.70,6.30,8.86,11.50,11.30,13.60,16.00,17.50,16.3,18.10,20.60,24.20,23.60,14.60,10.90,7.59,6.80,5.70,5.70,5.80,5.03,4.62,4.59,4.59,4.62
1919,4.62,4.62,4.62,4.63,4.28,4.28,5.13,4.11,4.11,4.11,4.11,4.31,5.05,6.09,7.73,11.30,12.20,13.30,14.00,17.7,18.40,22.50,23.00,18.50,12.00,7.69,6.58,5.73,5.02,4.36,4.28,4.28,4.31,4.25,4.08,3.64
1920,3.85,3.19,3.19,3.19,3.19,3.19,3.60,3.67,3.39,3.46,3.34,3.55,3.91,4.08,5.77,7.69,8.58,10.90,12.00,12.5,10.90,10.20,10.30,8.71,7.06,5.78,5.96,4.80,4.55,4.28,4.14,4.04,4.04,4.28,4.28,3.96
1921,4.09,4.02,3.55,3.87,3.80,3.12,3.23,3.14,3.21,3.35,3.75,4.11,4.11,4.33,4.69,5.29,9.01,10.50,14.20,19.0,25.60,20.40,16.80,12.50,8.10,7.07,5.27,NaN,NaN,NaN,NaN,NaN,NaN,NaN,NaN,NaN
1922,NaN,NaN,NaN,NaN,NaN,NaN,NaN,NaN,NaN,NaN,NaN,NaN,NaN,NaN,NaN,NaN,NaN,NaN,NaN,NaN,NaN,NaN,NaN,NaN,NaN,NaN,NaN,NaN,NaN,NaN,NaN,NaN,NaN,NaN,NaN,NaN
1923,NaN,NaN,NaN,NaN,NaN,NaN,NaN,NaN,NaN,NaN,NaN,NaN,NaN,NaN,NaN,NaN,NaN,NaN,NaN,NaN,NaN,NaN,NaN,NaN,NaN,NaN,NaN,NaN,NaN,NaN,NaN,NaN,NaN,NaN,NaN,NaN
1924,NaN,NaN,NaN,NaN,NaN,NaN,NaN,NaN,NaN,NaN,NaN,NaN,NaN,NaN,NaN,NaN,NaN,NaN,NaN,NaN,NaN,NaN,NaN,NaN,NaN,NaN,NaN,NaN,NaN,NaN,NaN,NaN,NaN,NaN,NaN,NaN
1925,NaN,NaN,NaN,NaN,NaN,NaN,NaN,NaN,NaN,NaN,NaN,NaN,NaN,NaN,NaN,NaN,10.80,10.70,13.70,13.6,16.50,12.20,9.48,8.61,9.24,6.62,4.65,NaN,NaN,NaN,NaN,NaN,NaN,NaN,NaN,NaN
1926,NaN,NaN,NaN,NaN,NaN,NaN,NaN,NaN,NaN,NaN,NaN,NaN,2.95,4.30,4.17,3.86,5.48,7.61,6.93,10.4,15.00,18.80,21.80,17.80,NaN,NaN,NaN,NaN,NaN,NaN,NaN,NaN,NaN,NaN,NaN,NaN
1927,NaN,NaN,NaN,NaN,NaN,NaN,NaN,NaN,NaN,1.24,1.30,1.75,2.35,2.30,3.34,3.90,4.95,5.74,7.58,14.0,11.40,12.90,12.30,11.20,NaN,NaN,NaN,NaN,NaN,NaN,NaN,NaN,NaN,NaN,NaN,NaN
1928,NaN,NaN,NaN,NaN,NaN,NaN,NaN,NaN,NaN,1.03,1.09,1.09,1.29,2.09,2.38,4.51,4.44,7.68,13.20,11.3,14.60,12.30,12.30,10.60,6.48,4.44,3.43,2.88,2.57,2.38,2.15,2.09,2.02,1.89,1.53,1.50
1929,1.35,1.60,1.43,1.09,1.08,1.08,1.08,1.11,1.05,1.10,1.26,1.42,1.80,1.76,2.35,4.41,6.83,5.95,7.63,13.4,15.60,12.80,9.22,9.25,6.30,5.42,4.19,3.39,2.38,1.83,1.59,1.58,1.60,1.50,1.41,1.34
1930,1.30,1.18,1.18,1.23,1.14,1.12,1.22,1.04,1.06,1.05,1.05,1.05,1.40,1.80,2.38,5.03,7.59,9.90,15.20,25.9,19.20,22.70,12.70,9.13,6.91,5.00,3.86,3.22,2.77,2.40,2.15,2.10,2.10,2.10,2.06,2.18
1931,1.70,1.37,1.37,1.37,1.37,1.43,1.20,1.13,1.08,1.00,1.13,1.05,1.29,2.50,2.58,6.21,9.41,9.72,15.60,14.0,12.10,13.70,10.50,11.60,10.30,6.77,5.69,6.62,3.72,2.52,2.33,2.20,2.15,2.06,1.90,1.86
1932,1.78,1.83,1.79,1.77,1.72,1.71,1.68,1.55,1.65,1.72,1.80,1.85,1.93,2.03,4.99,6.06,7.61,5.98,8.79,16.4,13.00,8.94,6.68,6.65,5.49,3.49,2.24,1.84,1.65,1.54,1.47,1.45,1.46,1.41,1.43,1.48
1933,1.24,1.07,1.02,1.02,0.98,0.95,0.96,1.00,0.96,1.02,1.00,1.17,1.50,1.44,3.58,7.42,6.01,9.14,8.61,12.0,13.70,12.70,16.60,15.70,10.10,7.67,5.42,3.80,3.04,2.58,2.46,2.23,2.12,1.98,1.95,1.95
1934,1.79,1.75,1.54,1.55,1.49,1.45,1.33,1.22,1.19,1.22,1.22,1.28,1.33,1.47,3.96,6.33,13.30,13.60,12.60,10.1,15.20,10.70,12.70,9.62,6.67,4.78,3.93,2.86,1.99,1.55,1.37,1.29,1.24,1.29,1.28,1.39
1935,1.58,1.52,1.71,1.71,1.71,1.71,1.64,1.61,1.48,1.43,1.42,1.60,2.30,3.72,2.10,7.66,8.03,6.21,9.57,12.7,13.30,17.00,15.60,11.00,8.34,5.36,3.57,2.70,2.20,1.91,1.78,1.80,1.73,1.59,1.57,1.53
1936,1.77,1.57,1.52,1.39,1.30,1.33,1.32,1.25,1.24,1.30,1.45,1.52,1.53,4.21,6.19,7.60,9.66,6.33,8.66,9.90,11.50,7.79,7.98,6.91,5.40,4.63,3.85,2.76,2.42,2.24,2.12,2.00,1.86,1.79,1.74,1.67
1937,1.42,1.28,1.18,1.15,1.11,1.17,1.20,1.27,1.34,1.28,1.20,1.30,1.97,2.38,3.33,4.50,7.20,7.75,8.20,9.36,13.20,10.90,7.65,8.84,6.84,4.82,3.44,2.66,2.40,2.07,1.90,1.80,1.70,1.49,1.39,1.39
1938,1.64,1.72,1.54,1.27,1.23,1.29,1.26,1.50,1.71,1.50,1.43,1.34,2.07,3.01,3.37,3.48,3.49,5.96,6.78,8.87,10.70,7.20,9.79,7.25,4.45,2.69,1.86,1.72,1.72,1.64,1.57,1.55,1.49,1.54,1.53,1.50
1939,1.31,1.30,1.22,1.27,1.27,1.14,1.08,1.05,1.01,1.06,1.11,1.06,1.90,3.42,2.92,4.56,6.44,6.19,8.57,10.2,13.50,13.80,13.40,9.90,6.71,3.95,2.59,2.30,1.94,1.85,1.68,1.70,1.72,1.46,1.24,1.23
1940,1.13,1.02,1.15,1.17,1.20,1.25,1.24,1.33,1.22,1.12,1.01,1.10,1.37,1.24,3.78,5.13,6.20,9.38,7.60,7.76,10.90,11.60,9.64,5.34,4.20,3.06,2.57,2.22,2.04,1.97,1.83,1.67,1.47,1.34,1.30,1.20
1941,1.08,1.03,1.20,1.02,1.03,1.21,1.21,1.21,1.27,1.25,1.32,1.64,2.15,3.61,7.60,7.62,8.81,10.00,11.60,8.25,9.08,15.40,11.00,8.80,5.29,4.44,3.41,2.96,2.35,1.75,1.69,1.74,1.62,1.51,1.38,1.51
1942,1.51,1.27,1.14,1.09,1.06,1.09,1.18,1.30,1.45,1.30,1.33,1.75,2.70,5.71,3.02,6.65,18.50,16.20,17.90,14.8,12.80,12.00,11.10,11.60,10.40,6.06,3.66,2.54,1.99,1.60,1.36,1.28,1.21,1.21,1.19,1.12
1943,1.13,1.28,1.45,1.54,1.60,1.55,1.51,1.42,1.40,1.40,1.49,1.39,1.76,2.15,2.47,3.68,3.63,5.83,9.82,13.1,13.00,17.80,14.80,12.90,8.83,7.57,5.13,4.27,3.60,3.23,3.04,2.91,2.80,2.64,2.62,2.58
1944,1.88,1.70,1.77,1.66,1.63,1.54,1.60,1.62,1.68,1.58,1.61,1.71,2.65,3.04,2.82,3.49,5.58,7.58,12.40,13.5,16.20,17.40,19.00,9.94,9.56,7.49,3.99,3.06,2.57,2.33,2.18,2.15,2.04,1.92,1.88,1.77
1945,1.72,1.71,1.58,1.60,1.56,1.56,1.55,1.64,1.56,1.62,1.70,1.74,1.81,2.18,3.92,7.19,6.81,9.42,8.96,9.87,13.30,9.48,11.80,10.40,7.43,6.55,4.39,3.34,2.59,2.10,1.96,1.66,1.54,1.43,1.27,1.16
1946,1.16,1.16,1.10,1.07,1.08,1.07,1.07,1.07,1.02,1.04,1.29,1.67,1.83,2.47,4.52,5.82,6.49,7.49,8.06,9.42,14.30,16.00,9.52,7.40,6.22,5.42,3.66,2.83,2.30,2.04,1.95,1.83,1.70,1.72,1.66,1.60
1947,1.55,1.49,1.45,1.45,1.34,1.25,1.25,1.25,1.18,1.14,1.30,1.26,1.27,2.62,3.65,5.13,5.45,7.61,7.92,9.61,12.40,13.50,11.00,10.40,7.98,6.67,4.13,3.08,2.33,2.12,2.03,1.78,1.67,1.68,1.61,1.53
1948,1.47,1.42,1.40,1.41,1.30,1.27,1.26,1.24,1.27,1.33,1.28,1.56,1.91,1.91,2.18,2.92,6.45,6.14,9.70,10.4,13.20,15.50,13.80,9.96,9.74,4.96,3.31,2.42,2.06,1.69,1.55,1.43,1.29,1.23,1.25,1.37
1949,1.27,1.10,1.01,1.04,1.03,1.12,1.03,1.03,1.03,1.02,1.03,1.07,1.85,2.81,3.31,3.96,6.55,10.90,12.00,10.6,12.70,13.10,10.80,9.16,6.65,4.41,3.51,2.92,2.41,2.21,2.06,1.88,1.85,1.80,1.83,1.48
1950,1.35,1.45,1.44,1.40,1.38,1.23,1.21,1.24,1.15,1.12,1.17,1.22,1.94,3.87,2.92,5.54,5.87,7.94,12.60,11.6,11.50,15.20,16.30,9.00,5.50,4.72,3.37,2.61,2.27,1.97,1.88,1.81,1.83,1.71,1.64,1.60
1951,1.40,1.36,1.32,1.30,1.27,1.24,1.24,1.32,1.15,1.09,1.09,1.04,1.17,2.12,5.95,5.31,4.01,6.34,6.22,7.26,9.06,12.00,9.31,6.82,4.87,4.70,3.73,2.93,2.58,2.25,1.87,1.76,1.52,1.42,1.37,1.35
1952,1.19,1.22,1.15,1.15,1.15,1.15,1.15,1.37,1.41,1.32,1.55,1.58,1.61,1.99,3.46,4.99,7.42,8.22,9.10,13.1,13.20,14.60,13.80,10.20,6.47,4.75,3.64,3.05,2.54,2.33,2.12,1.90,1.78,1.64,1.50,1.51
1953,1.35,1.35,1.32,1.35,1.31,1.31,1.30,1.30,1.26,1.33,1.31,1.49,2.72,4.09,4.86,8.12,8.05,7.61,15.20,13.7,15.80,11.40,8.77,7.94,7.27,6.48,3.92,2.91,2.62,2.34,2.16,2.10,2.00,1.93,1.85,1.80
1954,1.78,1.73,1.79,1.80,1.80,1.68,1.67,1.72,1.66,1.65,1.65,1.75,1.78,2.11,2.77,6.38,5.40,5.28,8.32,9.71,10.40,13.60,10.50,8.36,6.71,5.73,4.19,3.22,2.64,2.43,2.30,2.15,1.93,1.50,1.57,1.54
1955,1.48,1.52,1.10,1.50,1.50,1.46,1.43,1.43,1.38,1.40,1.39,1.39,1.63,1.84,4.56,8.70,11.70,8.49,9.11,8.14,9.27,13.20,16.50,8.08,5.05,3.52,2.89,2.53,2.30,2.14,1.97,1.92,1.86,1.85,1.82,1.74
1956,1.67,1.64,1.66,1.64,1.64,1.60,1.60,1.60,1.55,1.60,1.62,1.66,1.87,3.13,5.52,5.28,5.27,6.37,12.00,14.5,21.90,15.40,14.00,12.10,10.40,6.24,5.16,3.79,2.80,2.45,2.16,2.20,1.80,1.58,1.86,1.52
1957,1.45,1.44,1.40,1.43,1.34,1.31,1.31,1.27,1.25,1.19,1.18,1.17,1.25,1.54,3.23,7.85,7.04,6.78,9.47,11.5,8.50,8.56,11.50,7.61,5.06,3.75,3.60,2.78,2.47,2.05,1.88,1.77,1.75,1.70,1.70,1.50
1958,1.54,1.47,1.52,1.43,1.42,1.34,1.30,1.28,1.31,1.29,1.45,1.47,1.91,1.81,2.58,4.73,7.70,7.87,12.70,18.6,13.40,15.80,11.00,8.64,6.32,4.86,3.59,3.02,2.60,2.28,1.94,1.75,1.57,1.57,1.57,1.49
1959,1.46,1.33,1.19,1.22,1.23,1.19,1.27,1.43,1.33,1.51,1.58,2.08,1.76,2.10,3.42,6.78,5.28,7.28,11.70,11.2,13.60,13.40,13.60,9.63,10.20,8.60,7.09,5.30,3.14,2.38,2.32,2.37,2.18,1.96,1.84,1.80
1960,1.88,1.86,1.76,1.72,1.66,1.66,1.65,1.66,1.64,1.63,1.64,1.74,1.81,2.79,2.96,4.62,5.10,8.12,12.80,10.2,7.67,7.42,10.60,11.50,6.79,4.61,3.37,2.77,2.51,2.31,2.14,2.03,1.94,1.87,1.85,1.76
1961,1.50,1.34,1.31,1.33,1.27,1.27,1.28,1.27,1.28,1.32,1.42,1.48,2.15,3.35,6.33,9.02,5.33,5.87,11.10,11.3,16.80,15.10,11.10,10.80,9.07,5.46,4.60,3.27,2.50,2.18,1.88,1.69,1.59,1.57,1.53,1.40
1962,1.35,1.26,1.18,1.15,1.15,1.11,1.10,1.10,0.98,0.94,0.91,0.98,1.30,1.66,2.78,6.67,8.48,7.60,8.97,9.81,13.90,21.60,16.60,10.80,8.12,6.22,4.21,3.27,2.81,2.52,2.34,2.13,1.90,1.75,1.76,1.70
1963,1.57,1.53,1.43,1.42,1.42,1.42,1.42,1.42,1.31,1.34,1.50,1.41,2.49,2.40,3.47,6.74,9.32,12.10,12.00,12.1,10.60,9.35,10.80,8.36,6.49,4.25,3.14,2.62,2.24,2.03,1.96,1.88,1.82,1.72,1.68,1.60
1964,1.54,1.66,1.60,1.50,1.30,1.35,1.27,1.25,1.23,1.26,1.26,1.36,2.09,2.48,2.72,6.21,9.39,7.84,9.96,11.1,12.70,7.78,11.20,10.20,6.36,5.19,4.02,3.19,2.70,2.23,2.02,1.96,1.83,1.69,1.59,1.50
1965,1.44,1.44,1.43,1.36,1.36,1.36,1.27,1.27,1.27,1.27,1.26,1.29,2.42,2.32,2.46,3.65,5.05,5.39,6.28,9.72,12.50,14.00,11.80,10.60,5.64,4.60,3.62,2.79,2.34,2.06,1.72,1.69,1.58,1.58,1.58,1.57
1966,1.46,1.31,1.20,1.16,1.17,1.18,1.16,1.25,1.16,1.12,1.65,1.80,2.75,2.78,2.97,6.37,16.60,16.50,10.90,12.9,13.20,16.10,10.40,8.93,7.84,5.27,3.80,3.11,2.63,2.27,2.12,1.99,1.97,1.87,1.81,1.76
1967,1.76,1.74,1.72,1.66,1.48,1.48,1.49,1.58,1.51,1.44,1.48,2.58,2.44,2.24,4.33,6.97,7.06,9.16,8.55,9.11,10.10,11.30,11.90,7.04,4.97,4.79,3.79,3.11,2.65,2.12,1.76,1.53,1.49,1.47,1.39,1.26
1968,1.18,1.18,1.20,1.18,1.12,1.04,1.02,1.10,1.02,1.01,1.03,1.62,1.38,2.55,5.05,7.57,6.62,8.02,11.90,14.5,12.80,17.40,18.20,9.00,4.88,4.34,3.29,2.59,2.20,1.81,1.50,1.36,1.30,1.25,1.20,0.99
1969,0.87,0.88,0.94,1.15,1.16,1.14,1.13,1.81,1.45,1.45,1.48,1.43,1.77,2.62,5.51,5.05,8.15,11.20,12.20,11.6,12.20,10.30,9.91,7.67,6.21,5.31,3.71,3.05,2.69,2.54,2.43,2.43,2.17,1.97,1.93,1.84
1970,1.76,1.70,1.74,1.70,1.62,1.58,1.54,1.56,1.62,1.67,1.75,1.99,2.13,3.98,6.13,6.60,7.69,12.70,12.30,12.5,14.90,20.00,12.60,15.70,15.20,10.50,4.91,3.55,3.08,2.57,2.45,2.38,2.00,1.82,1.82,1.53
1971,1.48,1.46,1.34,1.30,1.19,1.19,1.19,1.40,1.29,1.44,1.35,1.70,1.81,2.32,3.60,4.96,7.36,14.80,9.52,11.9,12.80,13.30,10.10,11.10,7.68,5.16,4.06,3.46,3.32,2.78,2.42,2.26,2.16,2.03,1.90,1.81
1972,1.65,1.56,1.59,1.51,1.55,1.33,1.27,1.26,1.32,1.39,1.36,1.62,2.25,2.55,3.31,5.09,6.77,9.74,10.10,7.29,7.27,10.40,7.44,6.60,6.13,5.46,4.50,3.80,3.24,2.39,2.19,1.94,1.81,1.73,1.60,1.36
1973,1.18,1.16,1.31,1.40,1.40,1.40,1.40,1.50,1.40,1.40,1.57,1.65,1.89,2.52,3.58,5.85,8.10,10.30,11.90,13.1,17.90,19.40,11.40,9.76,9.51,5.64,4.39,3.24,2.63,2.28,1.99,1.90,1.83,1.65,1.60,1.67
1974,1.55,1.46,1.43,1.43,1.42,1.38,1.38,1.46,1.32,1.29,1.29,1.28,1.29,1.54,4.13,5.90,6.89,7.59,9.10,16.1,15.90,10.80,8.47,7.72,4.81,3.78,3.28,2.84,2.40,2.11,2.04,1.82,1.75,1.69,1.60,1.51
1975,1.43,1.43,1.42,1.38,1.39,1.33,1.33,1.33,1.26,1.33,1.38,1.38,1.87,1.54,2.95,5.32,8.76,7.54,10.20,17.4,13.40,14.20,16.40,11.90,7.89,7.12,4.55,3.53,2.89,2.42,2.23,2.25,2.03,2.04,2.11,1.93
1976,1.88,1.63,1.50,1.47,1.44,1.40,1.30,1.24,1.29,1.28,1.32,1.57,1.72,3.09,4.35,4.74,7.18,6.89,10.10,13.7,14.90,10.60,16.50,14.40,10.60,5.31,3.73,3.20,2.86,2.42,2.12,2.19,2.10,1.98,1.92,1.92
1977,1.83,1.75,1.65,1.59,1.44,1.40,1.50,1.56,1.59,1.76,1.95,0.84,1.93,1.97,6.55,8.15,11.10,16.50,13.40,15.1,14.20,10.20,11.00,14.60,9.61,5.22,4.83,4.08,3.22,2.80,2.51,2.27,2.03,1.83,1.84,1.81
1978,1.59,1.67,1.72,1.43,1.29,1.28,1.28,1.28,1.28,1.29,1.83,1.58,2.01,2.87,3.26,4.24,4.93,9.54,12.80,12.0,14.50,18.40,16.20,9.73,5.45,5.42,5.35,4.18,2.74,2.32,2.04,2.03,1.85,1.80,1.76,1.69
1979,1.58,1.58,1.56,1.53,1.48,1.57,1.41,1.28,1.37,1.38,1.49,1.56,1.84,2.23,3.19,6.64,8.39,11.00,10.10,15.0,14.40,21.50,21.10,14.70,10.60,7.78,5.65,4.10,3.54,3.30,2.86,2.22,1.90,2.00,1.95,1.76
1980,1.74,1.69,1.65,1.42,1.12,1.08,1.19,1.19,1.14,1.20,1.41,1.34,2.54,2.02,4.36,4.55,5.71,11.90,10.50,19.7,23.20,17.10,9.17,11.30,8.73,4.54,3.79,3.16,2.80,2.51,2.34,2.21,2.14,2.06,1.88,1.68
1981,1.58,1.60,1.58,1.53,1.48,1.38,1.38,1.37,1.47,1.52,1.42,1.97,5.01,4.90,4.73,4.85,6.01,11.60,12.70,14.6,14.40,8.56,10.60,7.03,4.70,4.01,3.16,2.69,2.36,2.02,1.86,1.85,1.74,1.70,1.58,1.51
1982,1.45,1.45,1.45,1.45,1.30,1.30,1.30,1.34,1.30,1.30,1.42,1.51,2.25,1.56,3.54,3.04,3.91,5.85,8.30,7.09,10.90,21.30,18.00,8.38,5.64,4.73,3.40,2.61,2.15,1.92,1.87,1.63,1.60,1.60,1.24,1.14
1983,1.11,1.05,1.04,1.04,1.04,1.04,1.07,1.04,1.04,1.04,1.05,1.24,1.82,3.72,4.65,4.81,9.03,11.80,13.20,13.9,20.10,26.10,18.80,19.00,11.30,5.70,3.62,2.73,2.21,2.12,2.02,1.78,1.57,1.57,1.27,1.20
1984,1.09,1.01,1.01,1.01,1.01,1.01,1.01,0.99,0.89,0.89,0.98,1.31,1.46,1.37,2.73,7.70,6.31,9.05,10.70,14.6,21.40,23.00,23.30,18.60,10.20,4.39,3.47,2.99,2.68,2.38,2.12,2.01,1.96,2.01,1.88,1.88
1985,1.79,1.70,1.64,1.51,1.42,1.38,1.38,1.32,1.31,1.34,1.33,1.54,1.73,1.81,4.21,4.58,7.36,9.41,12.80,14.3,13.10,14.40,11.60,10.40,7.08,4.82,4.27,3.65,2.82,2.69,2.20,2.05,1.95,1.84,1.80,1.70
1986,1.52,1.46,1.46,1.46,1.46,1.46,1.45,1.33,1.33,1.40,1.34,1.34,1.94,1.84,1.70,3.23,4.85,7.94,11.40,12.1,14.40,16.10,12.00,9.21,6.18,6.05,4.32,2.92,2.60,2.04,2.11,1.86,1.74,1.58,1.41,1.53
1987,1.55,1.57,1.59,1.47,1.52,1.47,1.47,1.47,1.46,1.46,1.50,1.61,1.56,3.78,4.82,8.73,6.96,9.04,16.40,15.1,18.30,15.50,17.40,14.50,10.40,6.18,4.43,3.55,2.81,2.51,2.41,2.25,2.18,2.15,1.98,1.92
1988,1.85,1.67,1.65,1.57,1.54,1.51,1.48,1.51,1.55,1.55,1.77,2.35,2.79,2.58,3.43,5.30,11.70,18.20,16.60,22.7,21.80,18.40,15.50,10.40,8.97,7.71,6.74,4.03,3.02,2.44,2.12,1.86,1.85,1.85,1.85,1.85
1989,1.73,1.67,1.72,1.73,1.73,1.74,1.75,1.72,1.59,1.41,1.25,1.24,1.46,1.78,2.90,4.20,3.25,5.82,6.98,11.2,14.70,14.30,12.70,10.20,5.59,5.33,4.56,3.68,3.26,2.87,2.41,2.15,2.25,2.21,1.99,1.91
1990,1.87,1.81,1.68,1.61,1.61,1.56,1.56,1.62,1.56,1.58,1.57,1.56,2.68,4.79,3.78,8.32,8.96,14.10,13.80,10.3,13.20,16.80,13.00,10.90,8.45,7.43,7.14,5.40,3.79,3.02,2.66,2.23,2.02,2.02,1.88,1.79
1991,1.62,1.60,1.53,1.47,1.46,1.32,1.31,1.31,1.37,1.51,1.45,1.46,1.50,2.31,2.41,4.97,7.17,7.84,10.20,12.3,12.80,13.60,11.20,10.00,9.52,8.16,5.72,4.27,3.55,3.01,2.66,2.45,2.33,2.33,2.18,1.99
1992,1.68,1.54,1.50,1.45,1.41,1.41,1.41,1.41,1.34,1.47,1.53,1.74,1.63,3.12,3.73,5.99,6.60,7.57,10.90,18.8,17.00,15.70,12.50,11.20,8.62,5.76,4.57,4.04,3.16,2.87,2.53,2.35,2.26,2.13,2.13,2.07
1993,1.93,1.70,1.70,1.70,1.70,1.67,1.55,1.62,1.57,1.56,1.66,2.13,2.12,2.08,4.13,7.90,10.50,12.20,14.50,13.5,10.40,10.50,10.80,8.19,8.04,5.66,4.07,3.16,2.72,2.36,2.10,2.02,1.89,1.84,1.78,1.70
1994,1.68,1.61,1.52,1.52,1.51,1.47,1.45,1.45,1.49,1.49,1.53,1.83,2.41,4.04,4.68,7.94,8.32,12.20,16.90,17.4,18.50,19.40,11.50,13.80,8.96,5.75,4.24,3.42,2.53,2.30,2.19,2.15,2.07,2.00,1.70,1.65
1995,1.67,1.54,1.53,1.53,1.51,1.53,1.47,1.49,1.82,1.92,1.92,1.96,3.23,4.43,3.61,5.14,6.94,9.73,13.90,18.4,17.60,18.40,18.10,13.90,8.06,5.76,5.91,3.98,3.40,3.12,2.93,2.43,2.34,2.18,1.95,1.90
1996,1.87,1.66,1.44,1.44,1.51,1.42,1.43,1.46,1.44,1.44,1.90,2.03,1.95,2.13,3.63,6.35,9.84,9.42,11.70,11.2,12.80,17.70,17.90,8.39,5.77,6.57,5.80,3.79,2.89,2.47,2.24,1.99,1.82,1.72,1.53,1.45
1997,1.39,1.39,1.26,1.20,1.22,1.10,1.10,1.10,1.11,1.21,1.20,2.72,4.39,2.23,6.23,13.90,9.35,11.20,13.00,20.9,23.20,16.10,20.70,14.40,11.90,8.51,6.44,5.50,4.20,3.70,2.76,2.38,2.30,2.20,2.07,2.07
1998,2.01,1.92,1.89,1.91,1.81,1.81,1.70,1.70,1.68,1.61,1.87,2.06,2.04,2.79,3.83,6.94,7.35,14.20,14.00,17.3,15.80,16.80,16.00,11.30,12.30,7.57,4.69,3.65,2.93,2.65,2.49,2.32,2.21,2.08,1.94,1.94
1999,1.94,1.94,1.94,1.92,1.81,1.78,1.78,1.65,1.65,1.65,1.65,1.56,1.58,2.22,3.43,3.92,6.30,10.10,13.30,18.4,15.80,18.10,14.50,14.10,10.50,6.82,5.15,4.19,3.63,3.08,2.75,2.66,2.45,2.27,2.27,2.26
2000,2.27,2.27,1.89,1.90,1.90,1.83,1.65,1.64,1.69,1.73,1.95,2.21,3.16,7.01,6.69,7.00,10.60,15.50,16.90,17.3,14.20,17.40,15.80,12.20,9.60,6.33,5.26,4.21,3.58,2.95,2.47,2.05,1.95,1.88,1.73,1.73
2001,1.73,1.67,1.50,1.50,1.49,1.38,1.32,1.32,1.34,1.40,1.69,1.82,2.88,5.02,5.81,8.88,11.10,12.40,14.00,15.5,16.20,13.70,14.50,13.00,7.80,5.09,4.17,3.65,2.99,2.73,2.57,2.26,2.08,1.92,2.02,2.02
2002,1.89,1.95,1.97,1.82,1.82,1.82,1.95,1.84,1.87,1.82,2.29,2.89,2.33,4.06,4.95,10.00,10.80,16.20,13.70,14.6,18.30,17.90,19.90,14.80,8.56,5.72,5.07,4.77,3.78,3.20,2.93,2.75,2.65,2.55,2.55,2.52
2003,2.23,2.19,1.97,1.93,1.90,1.77,1.73,1.60,1.54,1.44,1.60,1.69,2.40,3.02,5.31,9.46,11.1,11.60,14.3,18.4,19.4,11.9,9.66,8.72,8.59,7.25,5.17,3.52,2.80,2.65,2.50,2.39,2.23,2.11,2.11,2.11
2004,2.11,2.11,2.04,1.93,1.92,1.92,1.94,1.92,1.92,1.94,2.07,1.99,2.33,3.70,4.90,6.75,9.0,11.3,12.1,20.0,11.6,10.7,10.00,9.98,8.24,5.76,4.02,2.76,2.62,2.45,2.34,2.23,2.10,1.94,1.86,1.75
2005,1.75,1.75,1.58,1.45,1.40,1.40,1.53,1.80,1.80,1.72,1.62,2.15,3.49,4.08,5.12,9.70,NaN,NaN,NaN,NaN,NaN,NaN,NaN,NaN,NaN,NaN,NaN,NaN,NaN,NaN,NaN,NaN,NaN,NaN,NaN,NaN
2006,1.76,1.50,1.59,1.58,1.42,1.45,1.56,1.64,1.62,1.59,1.70,2.24,2.20,5.31,6.34,6.00,7.4,9.77,11.6,8.69,12.5,19.5,21.60,16.40,10.7,7.33,5.50,4.56,3.78,3.23,3.27,2.91,2.45,2.73,2.38,2.57
2007,1.99,1.82,1.80,1.66,1.39,1.34,1.34,1.35,1.40,1.42,1.85,2.16,2.99,3.93,4.54,6.65,7.8,13.30,13.1,12.4,14.7,10.7,11.50,10.30,9.05,8.40,6.62,4.52,3.38,2.61,2.62,2.41,2.20,1.99,1.84,1.73
2008,1.71,1.64,1.71,1.71,1.52,1.43,1.54,1.59,1.59,1.59,1.59,1.65,2.09,4.83,5.92,9.35,11.9,11.00,14.1,13.9,13.9,18.7,15.60,11.70,8.57,6.12,5.07,4.41,3.27,2.82,2.69,2.87,2.82,2.64,2.47,2.47
2009,2.44,2.28,2.07,1.96,1.89,1.86,1.83,1.93,2.07,2.16,2.20,2.24,2.40,2.81,4.33,6.94,8.5,11.70,10.5,10.5,12.9,12.0,12.10,8.25,6.39,5.19,5.34,4.72,3.79,3.25,3.04,2.86,2.86,2.86,2.86,2.86
2010,2.84,2.60,2.44,2.28,2.36,2.21,2.25,2.34,2.25,2.12,2.16,2.69,4.18,4.10,4.13,6.25,11.3,13.40,12.9,18.5,17.0,16.2,19.20,15.10,12.50,8.93,5.71,4.11,3.54,3.44,3.28,3.15,3.21,2.74,2.74,2.74
2011,2.66,2.50,2.34,2.26,2.26,2.30,2.30,2.32,2.51,2.42,2.66,3.51,5.06,6.76,7.04,7.05,9.6,12.60,13.8,16.3,16.9,19.3,17.20,14.00,8.99,7.00,5.27,4.48,4.18,3.61,3.19,3.19,3.19,3.09,2.97,3.12
2012,2.56,2.70,2.86,2.43,2.33,2.42,2.02,2.08,2.13,2.25,2.15,2.55,2.41,2.74,5.02,7.04,8.4,13.70,16.0,14.8,15.4,12.7,16.50,20.70,16.40,8.88,5.56,4.23,3.44,3.16,2.84,2.55,2.29,2.35,2.20,2.20
2013,2.35,2.02,1.92,1.97,1.92,1.68,1.77,1.94,1.99,1.94,2.22,2.34,2.42,3.73,4.27,6.49,7.66,9.80,10.1,7.95,12.7,16.9,19.7,17.1,12.3,10.7,5.85,5.51,4.82,3.43,3.35,3.21,3.12,2.94,2.67,2.54
2014,2.42,2.43,2.38,2.43,2.30,2.14,2.17,2.08,1.95,2.45,2.42,2.56,3.49,3.79,4.13,3.99,6.64,8.34,11.6,12.0,13.5,13.6,NaN,NaN,NaN,NaN,NaN,NaN,NaN,NaN,NaN,NaN,NaN,NaN,NaN,NaN
