1998,0,0,,,,,,,0,0,0,0,0,,0,0,0,0,,0,0,,0,0,0,,0,0,0,0,0,0,0,0,0,0,0,0,0,,,0,0,,,,,,0,0,,0,0,,0,0,0,,0,0,,,0,0,,0,0,0,0,0,0,0,,0,0,0,0,0,0,0,0,0,0,0,0,0,0,0,0,0,0,0,0,0,0,0,0,0,0,0,0,0,0,7.0167019442,6.9788089991,0.3494018157,0,0,1.6902336286,0,0,0,0,,0,,0.4582855006,0,4.3684731747,0,0.3581490772,0,0.0293560078,0.1593974034,0.6637221305,0,1.1708546852,1.95532349,2.2682805937,0.4516088607,2.0846930535,0.0461867321,0,1.6906764073,0.4452866651,0.5678379312,1.0648770643,0.858007486,0,0,1.4189077871,3.8996059795,2.8250940492,1.3720551915,4.603840669,3.4374371146,2.7027471773,2.2359739145,0.4714925867,4.2140936156,2.321915665,1.2620597327,4.4691570302,1.0282417275,0.5094804515,2.0179382289,2.2646237165,0.8626581331,3.8909095277,1.9778699453,1.8170987641,1.2203694495,1.6923244856,2.5911017372,1.8369416321,2.4704918936,2.4896257197,4.8654725179,2.4826088225,1.7154210337,2.0407425749,0.8510059491,1.422118223,2.8504135,1.1693838338,1.8238554827,0.7262343702,0.7634460246,0.8038463655,1.533104647,0.8295270329,0.3827079187,1.4605232521,2.1860401127,1.6823824098,1.7472899221,0.1590354554,0.1615690719,0.230002118,0.2241085018,0.2029290088,1.3169892132,0.9253670163,1.2983230545,0.1627818619,0.9855380853,2.8966801042,0.609379435,1.9091830241,0.9074200379,0.7020384191,0.9640838218,2.7907206168,0.703609972,2.8150242232,8.3900339007,9.2741646965,1.3185513616,0.8864464518,3.6280058076,0.769144165,4.2993142505,0.3713012878,0.4274397412,1.1239769571,3.6638608724,2.3472877815,1.4302974207,1.8532330443,3.0774372816,0.9136403042,0.3850937684,0.282416443,0.3620950673,0.4196949278,0.5914783596,0.5668419419,0.8296440536,0.5747545535,0.5700155503,1.316634126,0.8291096737,0.463934198,0.6478940186,3.2017273977,0.3461584449,0.4437616331,0.3873090707,0.428727576,0.3390726317,0.8337805693,0.9584539961,0.2477882685,0.2170000024,0.0994999989,0.2662499957,0.3724999921,0.2114999988,0.1802500002,0.9357499791,0.7139999953,0.5757499868,0.7524999939,3.2924999346,7.7182499568,6.1515003045,2.1844999517,0.8970000111,0.3969999878,0.2727499924,1.4979999897,1.5362500201,1.4909999728,0.5029999906,0.0902499973,0.3190000015,0.5307499971,0.6339999863,0.7867499987,2.5864999692,0.8974999804,0.1354999964,0.0964999963,0.139591304,1.7996276394,1.9120270393,2.2616871595,1.4598146925,0,0,10.2550394883,10.9906315009,0,0,0,0,0,0,0,0,0,0,0,0,0,0.0862499873,0.017228956,1.3925869912,0,0,1.8177353268,0,0,0,0,0,0,0,0,0,0,0,0.0449999968,0,0,0.037499999,0,0,2.2949999496,0.6374999868,0,0,0,0,0,0,0.9787499507,0,0,0,1.7474999552,0,0.5024999715,0,0,32.4298764765,0,0,0,0,0,0,0,0,0,0,0,0.0442858835,0,0,0.3841853489,0,0,0,0,0,0,0,0,0,0,0,0,0,14.4993298252,
1999,34.7885409196,3.5586871828,0,0,0,0,0,0,0,0,0,0,0,0,0,0,0,0,0,0,0,1.7274464443,0,0,0,0,0,0,0,0,0,0,0,0,5.0962497418,2.2181092575,0,0,0,4.0156351899,0,0,0,0,0,0,0,0,0,0,0,7.6387570426,0.7199999467,0,0,0,0,0,0,0.374999995,0,0,0.7162499974,0,0,0,0,0,0,0,0,19.1662494987,0,0,0,0,0,0,0,0,0.0674999952,0,0,0,0,0,0,0,0,0,0,0,0.4927820166,25.9496480823,17.5729213655,9.3827527935,0.4940632408,0.0407551477,0,0.5654910107,0,0,0,1.539263236,0,2.7740293145,0.7589397033,8.2214352091,22.7656814257,0,0,0.0377661884,0,0.3398956855,0,0,0,0,0,0,0.2313258231,1.8337350807,1.5199508145,3.8924321036,4.4665343761,6.6119380196,0.9559926863,1.1892274053,3.9935999364,1.9870244836,13.9382045666,14.7605189085,1.0680166579,0.9620055544,11.5696860751,3.3531176026,0.041304566,0.4433115502,1.5665640632,1.444519906,1.2486537118,2.9146890566,4.6682011286,2.7943769985,1.3344066218,5.2816402962,0.4803632029,0.8961266776,0.796102105,1.2278446158,5.5967188577,0.9001210829,0.5870941697,1.1858795735,1.3581294281,1.5386192634,1.3343623965,7.2103616993,1.3636359889,1.4608849014,2.1090443864,4.0995169977,1.8748712378,1.0467126922,1.910146758,1.4884592729,1.7845511486,0.871413609,0.3068134106,0.2138799365,1.3517285117,2.5134999926,1.947497728,5.4541034102,7.1928177079,0.9388069296,1.1085518921,3.4015571276,0.396834834,0.5386413685,1.42989197,2.1810200761,0.9342925077,2.7229182074,5.2337843229,14.0503023465,3.3740068177,8.1265757481,4.4723472695,4.0474567215,0.9098532808,3.3797589491,1.8085813187,8.3119357725,0.5427318346,0.4227153193,0.265617627,0.8080650996,0.3420511199,0.5813410257,1.5748793806,0.8173094379,0.7937406898,1.1156238206,1.3832912588,1.7472060248,1.3583926192,2.0601427071,1.1344749133,0.3060537577,2.0268752923,0.648902012,0.2530339782,0.5906891003,0.3249983989,0.0762441234,0.0385485146,0.1247499979,0.126449227,0.1566323973,0.1590367034,0.3373799523,1.1104474779,0.9838618537,1.5589164508,0.2556779895,0.2239717751,0.5904742802,0.1528390363,0.4183817357,0.2525400799,0.4104637119,0.0622500001,0.1617499984,1.2057019578,1.5144419757,0.944565018,0.548768968,0.4753140543,0.1888971796,2.7218759656,0.1932008557,2.1487189805,0.3649904447,0.5242175472,0.5558044558,1.1795725599,3.0993787895,0.7219295749,1.1129146024,0.6297034346,0.5209535813,0.8536171286,0.223959219,1.1561880484,0.6194920847,0.2871374642,0.4088962946,0.5303044728,0.4206711728,0.3653453488,0.118875091,0.3327744626,0.1267747474,0.1477047402,1.0886220265,3.6974713057,4.4878388445,1.7123273909,2.1161014487,4.2935121357,13.3866499464,0.9808388081,0.0542377926,0.0581198713,0,0.0755291271,0.0030739121,0.0294999996,0.0378082556,0,0.00275,0,0,0.0202091297,0.0113734752,1.0315292987,0.0327256505,0,0,0,0,2.0124593849,1.9987889764,4.232203989,0.2031000815,0.719129495,2.7653162467,4.6683380206,2.3725318486,0.7997371561,0,0.0192499993,0,0,14.6024996042,0,0,0,0,0,0,0,11.9737498562,3.5212499499,0,0,1.3462499479,0,0,0,0,0,12.5174999734,0,0,0,0,0,0,0,2.0062499245,0,0,0,0,0,0,0,0,0,0.6712499658,0,0,0,0,0,0,0,0,0,0,0,0,0,0,0,0,0,0,0,0,0,0,0,
2000,0,0,0,0,1.274749438,0,0,0.1321870883,0,0,0,0,0,0,0,0,10.2933172435,5.7744406859,0,0,0,0,0,0,0.7079755217,0,0,0,0,2.8012497822,9.2783934822,0,0,0.6675646864,0,0,0.085483551,0,0.0691632535,15.2571877539,0,0,0,0,2.2808805183,0.392496607,0,0,0,0,0,0,0,0,0,0,0.2320565569,0.0101147667,0,0,0,0,0,12.0768771172,0,0,0,0,0,0.0541089202,0,0,0,0,3.8250893125,0.3021016487,0,0,0,0,0,0,0,1.4247950315,0.1082053234,3.4770751459,2.6894652502,0.4080774511,0.6067822091,0.0460969607,0,3.934302479,2.2564664365,4.6985773767,0.3115872492,0,0.1399879307,0,0,0.1542598102,0.4892987373,1.3058760154,2.5281513836,4.7783643703,0.6377074722,0,2.3517849812,0.5831568415,1.1044257001,0.8782765449,0.0304490991,0.0172068737,1.5366515853,2.2503162734,2.433935158,3.3141159912,12.9490504066,2.6766353771,1.804584592,3.4797921131,1.4922407428,4.2226536473,1.3990114493,2.4170822278,1.2232566765,3.1450888962,0.1198730408,1.8310883194,0.9927431022,2.0405594098,2.5210583132,1.1548633681,1.9112484523,2.7478245745,0.5630252088,1.1996888984,1.0914517331,0.9615989375,1.2019560868,1.4757532403,2.3190969766,2.861627996,0.3421049552,0.2651555339,0.4644197732,0.5419874607,0.7209569812,0.7982784885,1.219056447,0.9884931358,2.5358884707,1.0552164641,1.0884567983,1.3484694402,1.9033437629,1.4596781374,1.2517914915,1.5847014502,2.6268517977,1.42715104,1.6545040105,0.8170320067,0.8975406301,0.9325100401,0.4527034038,2.0843684413,0.5888479502,0.9976339985,1.0713344162,0.9198477943,2.1585040241,3.0296836719,1.0372942784,0.564950331,0.4269563648,0.5781421657,0.4724263793,0.558218553,1.9044329946,0.7177182337,0.1126389517,0.5685864835,0.4385995873,0.9440668256,0.4074378329,0.4028645027,0.8673785732,0.2631315615,0.2197380948,0.2309119649,0.4696576639,0.2758150959,0.2244208554,0.4548683558,0.8728114143,1.5514831121,0.5599659509,6.1540196439,5.1581936777,1.8472725203,0.6771382826,0.4460249304,0.7158764857,0.6707799894,1.4854914658,1.1880166332,0.3978907062,0.2152259007,0.2845766085,0.3340977378,0.2193912007,0.3123554603,0.564035799,1.4691209809,0.2454999909,0.2732500016,0.1897499975,0.2155000001,0.3281417036,0.1974999993,0.9062499885,0.3007499923,0.2912499884,0.2407611436,0.2744999989,0.2180000044,0.2224999978,0.3183264222,1.2982482264,1.6778518024,0.3700764277,0.2912499972,0.6150875594,0.2809999973,0.3602499987,0.3064999956,0.2996305593,0.2791417086,0.2427500056,0.3024999937,0.1692499962,0.2039999964,0.2200000004,0.2713917121,0.1624210333,0.08947304,0.2013001634,0.2669115571,0.3561787826,0.2262280413,0.3859062401,0.6308063182,0.1630593059,0.1512406698,0.783920434,0.4157353086,0.2523922326,0.331925994,0.2563714705,0.2035395419,0.1530299054,0.1640111256,0.4233108163,0.2558890747,0.3687838188,0.227131373,0.2090271716,2.4719272157,4.5654041966,0.6200319131,0.7596061201,0.7669115619,8.9969659448,1.3923165351,2.7571169684,8.5038634563,1.3969159176,13.2121399641,3.6240596486,0.9737936184,0.155303107,1.40262874,6.0245971009,5.2284148708,5.2574257938,1.441237323,1.3617986701,20.1876795888,25.8536975384,12.5345173677,3.9441587627,2.6235101037,0.8537723397,6.9071771515,6.9547685087,0.8714530642,1.5972275163,11.8141520421,0.491482079,1.9401982004,1.2103673195,1.0257472719,1.1450552593,0.8308277254,2.946688503,0.056249996,0.3051741198,3.1021813105,1.641095899,5.8675538053,0.110691001,0.2399037133,0.2508173188,1.4806888054,4.2177211121,0.168749993,1.0002954702,0,0.4231888453,0.9927767217,0,0,0.1843250593,0.6723509431,0.6599805678,0.1250091096,0.2284215093,0,0,0.2097810109,0.142171517,1.305000027,1.4017434865,3.6619902651,0,11.033317248,23.2524896363,0,0,0,0,0,0,0,0,0,1.0462498665,1.3685756524,0,0,12.8374988437,3.3452327649,0,1.7488766511,0,0.8045580983,0,0,0,0,0.6821207205,1.0864940882,0,0,0,0
2001,0,7.6411335071,0,0,0,0,0,0,0.0561106466,0,0.0862499873,0.0637499988,0.3440545698,0,21.3845690799,2.5771619057,0.6332240626,0,0.1806362681,0,0,0,0,0,0,0,0,1.4955860066,0.1961083487,0.487948373,0,0,0,0,0,6.1013408154,0,0,0,0.4091836015,0,0,0,0,0,17.9726906121,0.3134961377,0,0,1.0374593288,0,10.8548442324,23.0303692818,1.9306810101,0,1.0747066091,0,0.4476980468,5.0227812231,1.1301803558,0.0404920702,0.4842573442,0.2957085948,0.0133993551,0,0.5580965628,0,0.0201268715,0,16.8033550779,5.7890827854,3.6698652233,0.0097478541,0,2.0734767877,2.9299395594,1.2571431374,1.8847806243,2.536397721,0.439253342,0.5975924451,0.1354935976,0.533466228,0.3355591154,0.4831331695,2.5034040747,0.0453248421,0.3873181026,0.1882979472,1.0909089322,4.4176567992,0.3376570732,0.3057094091,5.7345336316,13.080608964,0.3008046454,0.4516099539,1.3627737441,0.7047490161,0.7230657761,4.0461912292,1.7408266179,5.3995284953,2.4000510884,2.0952520122,0.0806423752,2.3023503134,0.4754341561,6.9306870103,0.6700009704,0.2563743517,1.8814913413,9.5389611324,0.0385787773,0.2971072868,0.4149966706,0.7379522373,0.6681590282,1.7263221852,3.5424628059,0.8556388716,0.2543532879,1.1203386206,0.8191192523,0.9210111964,0.6342365264,0.7289192599,0.6301013989,1.6621852579,1.4639371137,1.1151960144,1.1744747938,1.2423373548,0.6045067279,0.7999460914,0.9810592026,0.8456150598,0.9472776167,0.520627267,0.7571075093,0.7388992937,0.5973140478,0.5180142627,0.9537579541,0.6990151961,0.7688734603,1.0897922448,3.5769640406,0.5615431617,0.6756176452,0.6725037955,1.2582499782,0.6534999833,1.8234999692,2.0292500199,1.0612499807,1.1285000015,1.0909999718,0.8744999866,0.6997499838,0.8744999777,0.5744999883,0.5997500133,0.4077499959,0.5702499961,0.9297499899,1.0210000224,0.9587499968,0.9992499822,0.3882499896,0.5519999919,1.2822499921,0.8797499736,0.4579999934,0.4699999861,0.611750002,0.4382499959,0.3169999926,0.2547499981,0.0689999989,0.1282499991,0.3017190224,0.8652360911,0.8688997303,2.0170142284,1.1681938274,0.5056288143,0.2582013064,0.6905750235,0.6851127849,0.3841752255,0.2871596999,0.5307033627,0.3549993032,0.0742369633,0.5361525193,0.6520074115,1.8081413675,1.5278295502,0.7732192588,1.3493971055,0.1581547968,0.3504688181,1.3072517713,2.7439564615,0.1776518198,0.3090790911,0.4710418396,2.9245300442,1.5503961761,0.9332645486,0.5506788554,0.3598856426,0.3638844347,0.389837555,0.5181246962,0.5404901334,0.5894887696,0.4282301491,0.4110052182,0.4814931145,0.4738794896,1.0711382035,1.256428641,3.4883001546,3.6102571183,3.0260425229,0.2363257461,0.3438894258,0.4116750167,0.6353851339,0.2934121036,0.3040954573,0.4042010258,0.6997136384,0.556233389,2.8652822524,8.4330976059,0.8201383147,5.9592898699,0.5851039402,0.869440419,0.53541137,0.1739476284,0.5080814709,0.2220758327,0.1108521083,0.1878751619,0.2695929642,0.1813138467,0.178695828,0.1318516987,0.1105802783,0.1832320513,0.2625286694,0.0122541919,0.0854552117,0.1407756131,0.1126892452,0.1247938399,0.7367791,0.3201587504,0.0725108089,0.0840660676,0.4583474714,0.1081979059,0.2233557052,1.5184707319,0.132544671,0.0435068423,0.2128187936,0.173293083,0.0182500001,2.5262489542,3.2990237599,0,5.161013787,10.7052158813,2.3487804135,1.6488719117,1.4511581374,9.9360600511,0.5629911243,2.4776487487,0.3251432727,2.0472834657,2.1481824542,0.0542462766,7.0123969422,8.4878103137,0.4601675868,1.4052285651,39.6621280909,1.1124972552,12.3566495279,9.9306096161,3.7512672568,5.6890845827,0.3101218188,8.4071975524,1.8030511625,3.2935418145,5.4508178594,6.0161140263,0.0169662982,4.9301451345,0.6214029516,1.3098399248,0.3109582271,0.1396131689,7.779346471,1.6852789329,0.2253733625,0.5847774372,1.4886033138,9.3952643424,0.3281561397,0.2857109408,0.4984017263,0,0.5607360303,0.0933159863,0.1597166819,2.9000540897,4.1717186545,0.128414842,1.0568192204,0,0,0,0,0,1.1653928558,0,0,0,0,0,0,2.6812499762,0,0,0,0,0,0,0,0,0,0,0.2099999984,0,0,0,24.4162499507,0,0,0,0.337499996,0.5437499682,0,0.2175000111,0,0,1.4324999998,
2002,0,0,0,0,0,0,0,0.4387499914,1.2975000081,0,0,0,0,0,0,0,0,0,0,0,0,0,0,0,0,0,0,0,0,0,0.0262499998,15.2504094342,0,0,0,1.1108452007,0,0,0,0,10.3122610251,1.1647342443,0,0,26.6157384018,2.1623825828,0,0,0,0.7797110925,0.3412499626,1.3411673109,0,7.3407096068,0,0,1.2891022662,10.1041171104,16.1420907751,23.0910409689,0,0.4394723872,0.4296387831,1.6064557185,0.1904904221,0,0.0581784596,2.1440795561,7.2523800979,0,0.9730036408,0.125973771,0.1218888958,3.0512464543,1.1539257467,1.6005142008,1.3403860728,1.2230994552,0.696360819,3.3925956637,20.8638424476,1.245937335,6.3614677638,0.2057463874,0.1701093043,1.7026449467,5.9801297486,7.2996010731,13.3277698159,1.4876736129,1.7357798144,0.9631142505,0.9913856834,25.0289393266,38.028020064,3.4670984298,1.8679079562,1.8626779392,2.0743852953,0.8646540878,8.4596474767,8.3208926469,1.7277637422,10.467586259,8.8424997131,0.7203251968,6.0634967449,4.5342473735,10.1319010854,2.7265885696,12.2227540016,18.1988575459,7.9326515595,2.2457653458,4.6361234138,10.2931925654,0.231033242,1.6216656466,1.0544178126,2.3141609306,3.2997473081,0.5841206809,0.2468685787,0.6643308631,5.7660771807,2.2135744989,0.0373494638,7.2274127727,0.6904104135,2.4867045594,3.3211384043,6.0566329658,8.5190303425,4.4897319774,4.5316888243,4.8993947009,1.6536579039,1.1511904616,1.9314248636,0.5442536063,0.4597549153,0.8177633627,5.4637321681,2.4177475224,5.8370875008,3.8575125585,22.551309069,3.5266358443,2.0165009573,6.8151921084,11.0221088131,3.2003115167,1.836320368,1.6937935253,1.9932899301,1.1058239744,1.3306689057,3.6342398462,7.6000966827,3.2764983736,1.2520956099,2.2139633869,0.2569298969,1.8053672003,1.6227263237,2.0958434517,1.6228699995,2.0526678214,3.2032791401,1.6688540069,1.553140495,1.4406225098,2.7489912758,0.8630628865,1.4788770583,1.7634842594,0.9204889575,1.2459280156,1.003483817,1.0226288624,1.0596962199,1.5083111475,3.4385515153,2.4880000589,2.9690121462,1.973271242,2.6384826799,2.5442499847,3.2792500009,1.8565507606,2.3204999914,2.2629999773,1.5547327387,1.4607499825,1.1322500159,1.911499997,1.6134999792,0.9450000164,1.2197499983,0.5762499819,1.8517760287,1.7084999904,2.2867500012,1.6920000166,0.9864999801,1.2157499728,1.1157500011,1.6647499936,1.2994999811,1.4982499921,1.6404999817,1.3773384939,0.4024960316,0.4968583886,0.8061694515,0.9066784925,0.5198435769,0.2772124525,0.1596891838,0.2276438481,0.2583100274,0.2342724747,0.2601401716,0.233154715,1.9977182448,0.8870658639,0.3395867518,0.4878841454,0.2662381795,0.4250085282,0.4109268378,0.287388102,0.414273224,0.2684778135,0.2577142647,0.2579134166,0.1821255243,0.3397231397,0.3103933868,0.1933737304,0.1767958716,0.5225225673,0.7616790254,0.5275144017,0.7044233195,0.4080926034,0.5304921692,0.53964553,0.3211511361,0.4973690514,0.1670396867,0.2877499864,0.2924999936,0.3019999964,0.3824999997,0.4111190572,0.2360000021,0.391929432,0.1379999943,0.0890661429,0.189066147,0.3003558254,0.2784999991,0.2967500022,0.1109999958,0.0177500005,0.0990661446,0.1642499998,0.6419700238,0.4275213441,0.3006058247,0.244250007,0.01225,0.1053168985,0.5955829372,0.7128029577,0.6139904348,0.96212296,0.4422023905,1.0383429304,0.0454726803,0.3556206475,0.1881055521,0.5255900783,0.6510579909,5.3298976868,1.7164516499,3.6783423374,1.8958720677,1.5635044376,0.4317935283,1.9046751385,0.5182870316,2.7238191701,1.6791813187,2.2057575012,0.8265487378,1.670646701,1.0529953378,0.2378511329,0.0993751176,1.3856758426,0.2761443766,1.7979461402,1.2172666341,0.0559044791,0.1801447322,0.3418950662,0.4276109288,0.3832824106,0.5216641029,0,0,0.2382731164,0.1749406581,0.0270823923,0.2658387572,0.8492418596,0.7312890751,1.318642846,0.0585815478,6.2124536075,2.5918767204,1.4151113058,1.1326374772,1.0707310041,0.1741477301,0.0806511852,1.6753180946,0.1915646245,0.8958362428,0,1.6596285763,0.7218872209,0.6712499658,0.2175000111,0,0,0,0,0,50.042302688,0.9483090242,3.3562498291,1.6833089789,3.236249884,0,1.3574999074,0,0,0,0,0,0,0,2.8275534908,0,0,0,0,1.6425000032,0,0,0,0,
2003,0,0,0,0.4657564561,0,0.3848546346,0,0,0,0,1.5738163193,0,2.4785793225,0.1649738948,2.0152914921,0.4289321105,0.9464649459,0.3703908026,0,0,0,0,0,0,0,0,0,0,48.6013232867,0.7266839147,0,0,0,2.1542193095,3.6577403943,0,13.7587221861,0.1109972397,0,0,0,0,8.3030352692,1.5673915992,1.8376354774,11.2905755192,0,0.1122210721,0,0.3882988393,1.6061071157,35.9882402023,0,0,0,0,0,0,0,0,0,0,0,0,0,0,0.2549890727,0.2908211946,0.4237500032,0,2.7824999094,0.4574999809,5.8813616782,0.1927256236,0,4.1904203097,0.5966423924,0.5785695016,0.9974999825,0.6691529502,4.4636765917,1.5027833531,3.2978621423,27.0573626558,17.3946668307,9.3618219048,1.8800501625,0.3519468009,2.5074465523,0,0,0.4209154397,0.9606343557,2.9623556832,0.55697004,21.8767647942,1.704022934,0.9888893192,1.6203965892,1.8732541998,0.122708559,1.8163509717,25.3105520209,17.3182844867,10.4406760981,0.6647558957,1.6066274544,4.5469387025,2.5949589995,0.893087397,3.3206953456,0.4978075475,14.5367991428,11.9643622935,0.8791813826,1.5467598389,14.8461892977,3.0712265273,2.2751872291,2.5006011104,0.467572771,0.1652154351,0.2879989396,0.6320995257,0.7696462075,0.0831303497,4.6317226496,7.4180144916,5.3180005103,11.903510501,2.1041950559,1.5481452358,0.3738873421,6.7698166743,0.7959096301,3.3693216493,3.5930664291,0.394250003,5.535485886,6.1783468723,8.6745781203,2.8654484202,4.4158761775,5.163853546,3.5433326314,8.277521352,1.4067505834,3.3796604027,7.178069368,2.44847304,5.4084960719,1.151851967,2.6493002747,4.293456912,2.7825559676,2.9791013499,5.8977409204,1.8333452592,1.2403863259,3.717435987,2.4541700917,6.1221593718,1.0670517956,2.2409727226,1.6366333415,2.0410499821,1.5830134948,1.2340244952,1.3309375277,2.546146666,1.2418401564,2.7502602059,1.4709892149,2.0504132472,0.8623546467,0.8330965058,1.0018803465,1.2221302601,2.0405559167,1.4989589465,1.2967053888,0.6231241253,1.0885466697,1.0111977022,0.4357010072,1.6162324774,0.96144058,0.72385498,0.86403269,1.0200529459,0.4319002637,2.2775086028,4.0988791088,1.443116067,0.612477082,0.9491936162,2.3385192255,0.4527169939,0.6123112512,0.465922774,0.4318581981,0.7552275931,0.2607661299,0.4199170528,0.5351323712,0.698337125,0.4918113161,0.6101124366,0.6652492899,0.5229368204,0.4810685123,0.4031399516,0.8366652019,0.4697759895,0.4689676532,0.7567776277,0.6065113479,0.6723103778,0.9954931159,0.6051366447,0.4240096986,0.4283100857,0.4612137831,0.297032355,0.3108469211,0.3899194367,0.1635000017,0.2301734607,0.2465853358,0.410216703,1.347985452,0.7079204228,1.3407398406,0.7073316937,0.3329999906,0.316719968,0.6327861343,0.4343080072,0.3339999871,0.5687258964,0.3254694915,2.4264331721,0.184624753,0.2669020395,0.1540290268,0.533157168,0.2445409016,0.9060604791,0.1118392618,0.1091501515,0.0723724835,0.4165970446,0.2153728944,0.2337151561,0.2022191119,0.0272531428,0.0830265527,0.218752551,0.1915492274,0.2084327902,0.207954545,0.0385537085,0.1468737089,0.251731358,0.1178093807,0.0134304711,0.0268920263,0.0323914899,0.011300785,0.0144485092,0.0237624978,0.0087499999,0.0037658607,0.3930809864,0.0200716238,4.0307124977,3.1651785647,1.4349168024,9.0606262287,2.2306220854,3.66208214,2.4595921598,1.8130865159,2.3613140558,1.7073729305,1.3859071421,2.1905004159,2.5421101066,2.0995130511,2.3011515488,2.5365056731,1.9067425852,1.1697482883,0,0.0055703924,5.9661743517,0.5222667592,0.4538898245,1.1168866667,0.681536433,1.4774695747,0.2136804756,0.1366394255,1.7950919004,5.3971215909,10.7896573544,3.3334290062,23.3272085389,1.0162499199,0.7018649761,0.4649999738,0.0648154517,2.3186004385,2.9247331306,0.2399999897,13.3508097579,1.5640372808,0.4860055471,7.7407053709,0,0,0.8809059709,0,7.589511176,1.4085922564,6.1323830172,0.6490343263,0.2089774782,4.3565455427,0,0.0936223269,0.9911425561,0.0396094471,2.1859098325,0.1093254983,6.6427387396,0,0,0,0,0.6444812814,0,0,3.5577664773,0,0,0,0,0,0,0,22.7811994553,9.6982477804,14.3280474842,3.6562932928,0,0.3425476452,0,0,0,0,0.6754329254,0,0,0,
2004,0.6657827099,0,0,0,0,0,4.1260448794,0.0805985133,0,18.3086326321,6.3224099229,0,0,6.5480240136,0.1508575976,32.4618522674,0,0,3.0133600036,0,0,0,0,0,0,0,0,0,0,0,0,0,0,0,0,0,0,0.2362499833,0,0,0,0,2.9687405278,0,0,0.4049999913,21.1491433581,0,1.1534817914,0,0,0,0,0.3224999706,24.5899698337,0,0.0674999952,0,0,0,0,0,0,0,0.0637499988,23.1854759653,2.3597673078,2.5961804837,0.2362499932,0.963484923,0,0.729201965,0.7065255642,5.1477745473,14.7843798498,12.3626031578,1.566646715,0.8791835556,0.7687499821,0.1387499968,0.1612499853,0.3257082204,1.0973163247,0,0.5785268297,3.0909103254,2.319333747,8.5540354252,6.3823811313,4.2064559534,2.9107780457,0.2233759947,18.9380635619,3.6473555242,0.1708612094,2.8330355907,6.4602894088,0,0.2814228771,1.0122485651,0.0487032135,1.2317171358,0.8670997769,0.8889804824,2.8697266554,1.0421373043,2.8103170451,1.092130083,1.0061527255,0,0.1451954519,3.0213623463,3.456117589,0.5321401401,3.2668140928,5.2601878295,2.5057832996,0.418435478,0.6345591185,0.687123126,1.0883365112,0.2696454475,2.2955674895,3.7797336479,2.2550956743,1.5771012666,2.6548364094,3.7426989178,0.8281541845,0.3644179131,0.7372935715,0.4918730985,4.8506267617,2.2500139611,1.2001695267,1.2927364546,1.3437553799,1.2611597354,2.5401764785,3.3767401204,1.5490689728,1.2262760556,3.842996945,1.4109841076,2.1845323617,2.53100614,2.111322439,3.0755523394,0.997275956,1.2320290549,1.2960821508,2.4107925817,2.5166000252,1.456419309,1.5906824355,2.765439488,2.6793426846,2.8577343921,2.1823782151,3.2054617765,2.2504160081,1.6262274235,1.9713387613,1.5811987327,0.9765543716,2.5363913278,2.2724681726,1.1744463614,0.6859217395,0.851143177,0.686984406,1.6495814361,1.7080552435,1.4710831259,0.9290695953,1.0370507347,0.9672196234,0.7283004631,0.9750260692,0.9963561014,0.9492630951,0.5659998702,0.6568478327,0.9597454984,0.4614280853,0.4474353424,0.877879072,1.4975361191,0.7605108439,1.5161904966,0.7015048206,0.9848436713,0.5727894693,5.0710208317,6.832408766,2.6298629257,3.2422025688,1.1505367955,2.5957199795,2.0980247458,1.8568332059,1.1711043337,2.0328276865,0.8368683252,1.3561673922,1.2187671183,0.4557245849,0.4322835902,0.7881210806,0.6438408643,1.1169894362,1.659267017,3.6903568258,4.1769728971,1.4302557795,0.7970484796,0.7689543498,0.1899353033,0.1642844963,0.3659360282,0.6539588384,0.401042107,0.5653630638,0.5304878854,0.2758456285,0.2379142836,0.3100064406,0.1476616235,0.2326689493,0.811377552,0.3365764429,1.4461763632,0.2398038351,0.3008240561,0.3286280086,0.2393225043,0.1849465789,2.5697168261,0.8726740638,0.5852905734,0.3700681968,0.4488356189,0.3068874505,0.3908418722,0.3780398176,0.4029559152,0.3474120323,0.4244142169,0.0946045628,0.2577058272,1.3620352,0.2644663495,0.4154165165,0.2165384289,0.2724126456,0.3605607441,0.1833239666,1.5420671894,1.471091824,0.8122411791,0.9307152548,0.2752499711,1.253914653,0.8086835843,0.1906836436,0.155085956,0.3447966967,0.4610874091,0.053532755,0.0115610861,0.0273998883,0.077557658,0.3107561191,0.3634170749,0.1647640305,0.3460359791,0.9195386283,0.0788142495,0.0117242162,0.1290690734,0.1205507827,0.0699506793,0.9353289033,0.1349664076,0.0076488337,0.0086724348,0.056789197,6.4584691823,2.3680361571,0.1289781012,1.1864826642,1.2369590687,1.9770862541,3.8042850361,1.7762512118,2.9456950153,0.3337611308,5.7997219662,0.3799292296,7.3104032278,0.7144840093,0.5885137487,0.7034352515,0.5792811265,0.9431603588,0.1904911175,0.9698693429,1.2920776034,1.5957422008,1.3642721474,0.8402006825,2.0718921026,0.9972940882,2.7500928019,5.1980064015,0.3199258074,1.3659592147,1.4145631163,1.9995767772,2.1596707255,0.1201057881,0.07464917,0,24.4613471826,0.5942328473,0,0.0329708755,2.6432114492,0.4353919675,0.1317532783,0.0427836726,2.0056180656,45.753102382,0.3262633656,0.1839999855,0,0,2.0075194041,0,1.7103012204,3.8229705493,0,0,0,1.9915654659,0,5.5758148034,5.6455918153,2.8110191027,9.8017026186,5.8201065461,7.1304274797,19.3507891099,0,0,0,0,0,0,0,0,0,0,0,0,7.0263541937
2005,0,0,0.1049999992,0,0,6.6374997695,0.944999973,0,0,0,15.7444610596,0,0,0,0,0,0,0,0,1.6499999265,0,0,0.8850000153,18.6076195339,0,2.4074999988,0,0,0,0,18.6279954314,12.1469404399,25.2868849039,9.1254774481,1.1427139541,0,0,0,0,0,0.0862499873,6.7424999475,0,0,0,0,0,0,0,0,0,0.1875,3.0406850179,0,0,0,0,0,1.4024999142,1.3685764223,2.6545404394,1.0555954725,0,0.0902775129,0,0,0.855297784,3.60344627,0.6915935129,2.2572560857,12.9894787272,30.9383586645,0.5751038939,3.8233236869,0.5577512483,0,0.9693003496,0.4270313631,1.5659261445,0.099735707,2.3548075507,1.0268000488,33.1486455798,6.324683845,0.3276416759,2.8421697269,0.2098719726,0,1.6147050907,0.6279857556,0.7398164769,0.1472086807,1.7051087258,3.5712739388,0.0452965982,0,0.0997860568,0.0787426047,0.1191010581,0,0.2954032893,1.2302537647,0.0956075912,0.1318079966,2.4562215718,0.6148331097,3.9192457547,3.6223155111,2.6671899464,0.6344069441,0.8443261633,1.5722075788,3.7693492131,5.5662177876,5.0749335339,5.4230081886,9.1802092195,6.7271003177,7.0464477601,9.2466142972,5.7613470405,2.1576973846,3.0018585175,2.168786355,1.9492634311,4.2569862157,2.2899629874,2.0708459044,1.9070484998,3.5018853396,4.9792855084,5.1738625889,1.1525174826,1.6000800232,1.0610622801,1.0119678738,1.5900030428,6.5759458741,4.0021639268,1.2216301312,2.8551131909,3.5916113779,2.5090971341,1.9423187127,3.5652130085,3.1062228233,2.2244825885,3.4793198705,3.4833356092,1.5319369485,3.7187244669,1.7378079519,1.3924837324,1.5340801713,2.2786192546,1.7225687616,2.3434778207,1.3672960559,1.291904827,1.6064746638,1.5840856036,1.0201863876,1.5230349575,2.0784858366,1.4592282648,0.8450360565,1.1082818583,1.4465199237,2.4548390756,1.8463933423,0.9401940325,1.3738323608,0.839022958,0.4082077257,0.6407000752,1.1219435272,1.6638275677,1.0795874136,0.7688973472,0.8953934641,0.8281822335,0.7390954721,1.2016227866,0.7849688937,0.3462499944,0.8206881201,0.2843024497,0.3391881209,0.3432653847,0.5507839117,0.3782499914,0.2359999938,0.2999999927,0.2075339163,0.402070662,0.4087839064,0.6902500093,0.4361758796,0.432941266,0.4357653878,0.2617468598,1.2026551642,0.8324570234,0.2107499965,0.6580678417,0.2928178307,0.4183702832,0.2456541977,0.2967500022,0.2967499985,0.230499999,2.3320015905,0.3058253725,1.9390025114,0.3613038356,1.2566482558,0.2552569235,0.3966570254,2.4120678824,0.903132307,0.2837091832,1.9353897168,1.9496958728,2.9389932454,0.4657470843,0.455969076,0.2859932877,1.512039115,0.6376788868,0.3697901126,0.4817394709,0.4306489519,0.5675053926,0.5867353398,0.3074649827,1.4581248964,0.5528971078,2.588943741,0.0388660928,0.4144798853,3.1889955054,0.7261388948,2.1451786757,0.4394083999,0.1652818863,0.2635097674,0.345071685,0.2369025621,0.2086574404,0.1230013177,0.2576269154,0.1251796848,0.1298382879,0.1940158539,0.1206825154,0.1995271534,0.209588908,0.1463313991,0.2005798265,0.9300102144,2.2525616921,0.2964784269,0.1604421592,0.2074816162,0.1329755397,0.1048731448,0.109550385,0.2058894044,0.1835795641,0.0703023876,0.0512516827,0.0593404204,0.0155260419,0.0578353077,0.5992848004,1.3225436296,0.0551875865,0.0936812528,0.0956069847,0.6949147789,0.0753802525,0.050366983,0.014306906,0.7724923529,0.0198053909,0.0566002741,1.4910928731,0.1659753243,0.3016714444,0.3520257446,0.5275721097,0.6280355047,0.7822638529,0.3651980803,0.3297366389,2.7839422276,0.0521941727,0.0598767169,0.7364797847,0.0363046947,0.2167345839,0.4331736905,0.4303387441,0.6158400606,0.1244350572,0.448166204,0,1.1034163708,0.3870591124,0.4924273205,0.0952407097,0.0852059523,9.0553700676,6.3201703566,1.473559767,2.5282762299,2.573904554,0.0793512339,0,0.2440293903,1.6894597088,15.7756938835,6.5122691467,0.6647756497,2.4971413737,0.1533942769,0.0547891259,4.8017400801,0.8544588884,0,0,0.0683781405,0.5215033765,2.0281407783,12.1582089091,1.0880974084,0,0.6358781631,0,0,6.2695677777,0,0,1.0040373802,1.1981654068,0.0719679743,0.2997445414,0.2849999815,0,0.3725814919,0.4466055234,2.1229195868,7.356756866,5.328151683,0.6158156395,0,0,2.8515020708,0.1462499897,4.6807437018,7.5217581292,1.9872955034,0,0,0,
2006,0,0,0,0,0,0,0,7.5974998573,5.6062498987,0.1350000004,0,0,0,0,0,0,0,0,0,0,0,0,0,2.1337499221,0,0,0.2700000008,1.2412499785,0,4.237499843,31.5337478717,0,0.6695423226,2.9996094704,0.2410290837,1.8417136669,1.6467137734,3.2410031954,0.4657885234,1.2197646201,38.0271928956,0,0.2654259801,0.3568008939,0,0,0.1061703861,24.7516609232,6.2883587281,0.2149950465,1.6773668726,0,0,0,0,0,2.4706494709,0.4274854263,0.1425000032,0.2808125727,0.1507450566,0.8270821919,1.9436579421,1.5866473193,0.8465148291,1.3279631833,2.7267326489,8.0289732516,13.3704026341,7.2397591583,0.7840587397,2.533369946,0.1479095618,0,0.0233043581,0.4867024962,0,0,0.7218571492,20.0331286788,1.406836922,1.2034435651,1.9981940339,1.2565252005,4.9197283561,2.8159521557,2.9601273065,4.2793630945,2.6805584406,1.9649912367,0.3735763254,0.5261163817,0.5165671129,2.5601020443,15.6616348426,0.9056701517,0.379407053,6.7772786816,1.4430354709,0.2624582347,0.2966510573,0.5857182974,0.4638228888,0.4120205458,0.5242990578,1.0058454216,0.7928059747,0.4246540392,0.0357595632,2.3890056238,0.4218243011,0.4195628626,0.9520859104,2.1567966441,1.8045908039,0.6985431394,4.4567389141,5.1721240506,7.7901836882,2.5943060915,1.3179280238,0.7107609304,2.3054657324,1.2887675849,1.2386414222,1.2989164175,2.1957183232,2.6424456462,1.2200569659,1.5913314633,1.402517084,1.6383529045,2.6532133967,1.1757878674,1.0180251918,1.3654133001,2.1355454649,1.6236691698,1.8736668018,2.4501544498,2.186240339,2.0145527646,0.8922936735,3.4729517003,0.8532594902,1.3699004687,2.3884809315,3.2090158512,2.2102778653,6.4474893709,3.4324300724,0.968311873,1.074371811,1.2435000663,1.2145689782,1.161206454,1.2172777615,0.8545313105,1.7002420425,2.061723878,1.3793568506,1.4889993661,0.9123844954,1.0901163866,0.546400344,0.376220506,0.5700632067,0.9058320482,1.0196856819,0.6082465916,0.6252424388,0.3955581291,0.7910097425,1.1307196724,0.6229123461,0.9095259557,0.3778623748,0.8670404392,0.2705740998,0.6925011144,6.3028977811,1.6927247867,4.1889144182,0.7082898499,0.667432397,0.9765095102,0.4994165202,0.4801008018,0.7891816888,1.0752912064,0.8323483529,1.2579884989,2.8532727373,3.2596094509,5.4344157974,2.9144693241,1.7762216702,1.4860571058,1.610346619,0.8103302121,0.7916135838,0.7535521525,0.7680229163,0.4329976632,0.3791700806,0.2076364523,0.3481302268,0.4765382204,0.5433868679,0.59455596,0.455231163,0.202401205,0.1092722224,0.1012693982,0.1449004792,0.1817931277,0.1634999313,0.2796069903,0.1807455675,0.1712821932,0.1408467235,0.0788821004,0.1140970352,0.1235608002,0.2364343395,0.0665106131,0.2510781844,0.1849230366,0.1610141539,0.0727499987,0.1706676773,0.186434211,0.1085489981,0.0805876703,0.1173526049,0.0801675001,0.1280628821,0.0879070223,0.1480140761,0.2133783617,0.2265876521,0.1152500038,0.0475000003,0.5926710597,0.8988447388,0.6889986067,0.5095616827,0.9648287694,0.1198373983,0.1534095742,0.4943776379,0.6715108855,0.6313607885,0.7307989063,0.5451947556,1.0542249593,3.5552731901,4.0200031598,2.1607673665,2.3750331104,8.8127193948,0.6358618586,0.5503394368,0.1795663616,0.5687306697,0.4787627471,0.504891485,1.3244092216,1.6678277403,0.3458604577,3.2621944249,1.3449325934,0.7491164903,2.1479341115,2.4588725915,2.2000567565,0.2123194411,2.5241340349,0.2908961885,0.1596064816,0.3187510992,0.2656139011,0.781090267,1.039360486,0.7504524837,18.824793915,0.3149100132,4.6832803016,7.5359016781,29.8319471677,2.0381215283,0.4204225838,2.7556382393,0.5418196432,1.0974133809,5.0699368219,4.3910297602,2.4998320714,0.8916096625,1.3963921638,10.8004628122,18.3499368827,0.8490998286,3.7849704822,0.3986449887,2.6203206231,2.7965737532,1.1558704873,6.5785195033,0.3961286396,2.127261728,1.9306667248,11.679063186,2.2251874755,2.4723239193,1.0988796602,0.2856779813,0.5522555262,0.5571762423,1.9212244377,2.6533668737,4.5327667445,0.872298507,0.3747445842,5.9656104942,0,0,0,0,0,0,14.4282760223,2.9429139892,3.5557134996,0,0,0,0,0.1687499881,0,0,0,0,0,0,0,0,0,0,0,2.3399998347,0,0,0,0,0.1649999917,0.1649999917,0.5999999642,0.9112499654,0,0,0,1.6499999464,5.9587498407,0,
2007,0,0,0,0,0,0,0,0,0,0,0,0,0,0,0,2.7380767266,0,10.3540530602,0,0,0,0,0,0,0,0,1.4727435907,0.3353283604,1.0418304602,0.5807996988,0,0,0.1987499793,2.2312499285,0,1.5562498967,0,0,0,0,0,0.1912499964,0,0.1875,0.7687499523,0,0,0,0,0.1480243802,0,0,0.9337499539,0,5.1341755788,21.6369547049,0,0,0,0,0,0,0,0,0,0,52.9082833926,6.6302437286,0.4154702971,0,0.7328074773,0,0,3.585714072,2.8022511204,13.2142297725,1.7079987749,0.3884784604,0.1728854179,5.181514966,6.3752831394,5.7870855133,1.0716867546,0.0348062466,3.3963958273,5.6817334245,1.9051185573,1.8984197279,3.2795523927,1.0411759739,0.7997750466,0.0859955363,0.5567949011,4.4393545998,0.7489676184,1.4415727758,0.7670346219,3.0464923903,0.311141314,0.8726403452,1.6358046792,3.7612548967,2.5732222299,5.9530829663,3.8017171274,5.308245033,11.7557773193,1.6032788331,1.3454777425,1.0144667563,3.5581903209,14.7928619285,4.7511023954,5.5761165346,7.8789769808,5.6694193582,6.2830893695,9.868411988,3.7395232556,5.2685000747,5.0668102503,6.6676509976,1.4817537032,0.7836629978,2.8212630103,5.6279378037,2.0048039717,0.122358871,2.2098015075,3.198573028,1.9901644134,5.9190428704,1.2912181715,2.1822137982,1.9173161015,3.4244943981,3.3504938359,2.8440431468,1.193696497,1.4167783447,2.2687176814,1.8070898795,2.3275853756,3.2717351516,2.4582577646,1.8730067164,0.9408830566,3.4040139442,2.2038023137,2.7039862387,3.0206469148,1.3445857652,1.1450482017,2.9536587348,2.6617346741,0.4810178547,1.8635931239,0.8976037577,1.1417429124,1.2491810806,2.7916104843,1.5057978655,0.3740026342,1.3021546155,0.8135977325,0.661122752,1.2994701471,2.0089397617,1.7184025,0.9348291587,0.5760572664,0.8993893061,1.0756314968,0.6760934964,0.2821820776,0.8682340651,0.4259423117,0.401136872,0.7066265363,1.377716902,0.6910195107,1.0905066406,0.9247581313,0.3527477287,0.8969004545,1.2522540973,0.8194784361,2.7927610303,1.0945352316,0.6364470782,0.1059589523,1.8674931838,0.3226946462,1.020405372,2.3345676661,0.8714154173,0.9424544216,0.1809667762,0.2827441186,0.1765514336,1.294356319,0.8369600351,0.6769994283,1.1949723829,1.1479976016,0.5758024623,0.424713491,0.5256528497,0.4143693961,0.3360057552,0.1703246112,0.4694639676,0.8324786217,3.0748813649,0.851930378,0.3860642559,0.5457401605,2.2762056142,1.1443186397,0.3772500359,0.196393271,0.3794923235,0.3595624395,0.4021339056,0.4477423163,0.2962586312,0.2617368282,0.2194923302,0.2318855974,0.2705680743,0.2752500012,0.3169078451,0.1618063614,0.5586854901,0.319251935,0.8841154749,0.2946955034,0.2854969008,0.3855836857,0.2987947421,0.1819950339,0.3389714252,0.158084513,0.1982500015,0.4682499993,0.0842500006,0.3044999964,0.2007499977,0.1272499997,0.0842499994,0.1175000018,0.1607499961,0.0970000001,0.1009999977,0.1097499978,0.1802499942,0.1629999941,0.1449999986,0.0667500012,0.0782499985,0.1072499976,0.0862500011,0.0625000025,0.0049999999,0.0667499961,0.0802499987,0.0849999987,0.0867500006,0.042749998,0.0307499991,0.1122499992,0.1537500035,0.2325000021,0.2139614169,0.0706619816,0.1781357278,0.1057513515,0.1187501221,0.0644914545,0.0879119871,0.0357570996,0.0174999995,0.004,0.0471201943,0.0308082001,0.0320411011,0.0049999999,0.0595420757,0.025913052,0.0099671732,0.1679442415,0.6550381451,0.219680776,0.3171874842,0.3785833248,0.4566348869,0.2377741373,0.1748901773,0.0620409405,0.0763274565,0.126458413,0.5884769323,0.2612815735,0.1222930114,0.5254811694,0.1861367204,0.128478316,0.0864373793,0.1909227719,0,0.3173144,7.1576837835,1.1519756764,1.4624024869,0.7044620023,0.7266094399,0.7145866334,1.0385395903,2.9218971344,3.4048397594,5.7668260671,11.3873887956,5.6635790691,0.0228315747,2.8533338758,9.6092912207,2.740270298,2.118480434,1.4795193309,4.0004304958,3.9967513606,2.3852418295,2.68847109,0.4825367198,0.744314909,2.6203395923,22.8058432142,1.588163803,3.6149956385,0.4446342786,1.4819940925,9.0146038632,0.2287500103,0,0,0,0,0,0,0.5106635094,0,12.3739881317,0,37.1923276981,1.5302641888,0,0,0,0,0,0,0,0,0,0,
2008,0,0,0,2.1472051988,0,0,8.5467100094,20.3257151047,0,0,0,0,0,0,0,0,0,0,0,0,0,0,0,0,0,0,0,0,0,0,0,0,0,0,0,0,0,0,0,0,0,0,1.4535743967,32.3145966927,0,0,0,0,0,0,12.3781884039,9.4388695757,0,0,0,0,0,1.0312500298,0.9945061331,0.6824999948,0,0,0.1759210564,0.5731089612,0.0512425651,0.119403877,2.1691622452,0.2559337417,0,0.2724837592,0.5125077957,0.522847337,0.0086994767,0.0618743002,7.4666867206,3.4062449187,0,0,0.0422126539,0.6484567821,0.1014430473,0.3615426918,0.3264643898,0.5882436217,7.8411556482,0.7397634486,0.4541594265,0.7467065745,1.0924508,0.8925672298,0.7420177345,0.1967697297,2.4885108036,0.3799864538,6.5107427904,1.8614245057,7.0629938394,2.2380015415,0.8355961597,1.6842367848,0.986979194,2.4591497406,0.5525918243,6.321677383,0.6534987589,1.7192521139,1.2809236565,0.9958201683,1.742075609,2.4292684334,3.7668335537,1.8269435068,3.5874643798,0.6616478597,0.2437952726,4.4750656436,2.8405770535,1.945461678,2.1270165816,1.4517963976,4.2913160374,3.4796408812,1.9622475567,2.7984590183,1.3665280857,1.6032492978,0.8564137096,2.0646532265,1.1965983373,2.1052301377,1.6899186764,1.8126425805,1.3057649809,2.0446076828,1.6800987497,3.2162323991,2.3863740284,1.5873710749,1.110970783,1.4888102897,1.1932218503,1.6040393313,2.7726825451,2.1566351801,0.7721674048,1.7681644956,4.7388515125,1.1533798849,0.9818428308,0.7668513743,1.2540993604,2.0184626256,1.3829292726,0.6734443742,1.0324000842,0.7867890256,1.1301206406,0.7033801141,1.1850925023,0.5151426628,0.801023256,0.3654386654,0.4967825242,0.4595975789,0.9026561541,0.4893609939,0.8588804894,0.5427732539,0.5276788645,0.6928848289,0.6572158571,0.4238345778,0.4874999948,1.1156436251,0.8903425078,0.341282532,0.7302616428,0.3540000025,0.5815325198,0.5009999925,0.3104268208,0.1761171049,0.3069761901,0.45993917,0.3093248634,0.4489447754,0.3899516187,0.4640902476,0.3533179651,0.2465783649,0.6080767881,0.4376333747,0.3699982992,0.4345737025,0.642892826,0.4650076207,0.6267581914,0.1917708768,0.9642210665,1.3009057535,0.7983736256,1.9934985613,0.4593101856,0.4101235036,1.2680337817,2.5008741114,0.8211747839,2.3928811674,0.1308128679,0.0727289796,0.1250875661,0.1230826617,0.1687567711,0.1520280541,0.0814802721,0.134670672,0.0819767909,0.0266310886,0.1322500029,0.2222138875,0.2592792713,0.1839570076,0.2381834378,0.1581251083,0.1311265086,0.1259386875,0.3156678959,0.4800799315,1.0226703044,0.4350432569,0.1614588269,0.0840054657,0.1509896383,1.2186482834,0.3854110189,0.2227473243,0.2619340469,0.0684257525,0.1997500031,0.0611821269,0.4497933,0.1674966048,0.1037313845,0.1992972623,0.2181789142,0.2057561195,0.1264424874,0.2547687143,0.1407570376,0.1535986279,0.2179076251,0.3542146593,0.1297401525,0.1290816242,0.439805402,0.1779965446,0.206782251,0.1152028628,0.1444191807,0.3273956634,0.1427577616,0.0824409742,0.0862822216,0.0663806212,0.0964083293,0.0612227352,0.3957815928,0,0.0351869231,1.1441057033,4.692936937,2.6835518796,10.5509172777,6.3892627507,2.6748817308,2.5110428339,0.6778700793,0.2153547779,0.7345025527,1.2186442216,1.8536284541,1.3789477944,0.9073156416,9.5420013604,1.4614318864,0.5449134173,8.8682028788,2.3646836964,1.1503644474,2.8948512226,2.9618319223,6.3580212419,1.567002294,6.8070307225,3.3090968604,1.6662800511,9.2010212739,4.6035534659,1.4027860152,4.8417661463,5.7963307699,7.0530391348,1.3377726674,3.3784483497,1.8869036725,1.8692665653,0.6905752073,4.6492796851,12.7694740097,0.2830016812,3.3787151376,28.6064358751,9.3760047058,2.9184646507,0.3743815621,0.1310493747,0,1.7837900966,4.9625149767,6.6374326944,3.9365997314,1.1993238529,0,0,0,0,0.0880259747,0,1.3896467884,0.7910271809,3.2435522055,0.643634518,0,0,0,0,0,0,0,0,4.8112496535,0.2512499889,1.4999999603,4.8074999253,0,0,0,0.0862499873,0,0,0.3112499913,3.0337498635,0.2849999865,0,0.2887499978,0.0787499994,4.7024998615,0,0,0,0,0,0,7.3762499938,0,0
2009,0,8.45753367,0.2320334117,0,0,0,0,0,0.9478526761,0,3.621362557,0,0,5.684999913,0.074999998,0,0,0,0,0,6.6544809987,0,0,0,0,0,0,0,0,1.7593042453,0.6599999368,11.7927337637,10.6894110541,8.8591840764,0,0,0,0,0,0.131249994,0,0,2.1412499249,0.6701990366,3.5236318409,0,0,0,0.4649999936,0,0,0,0,0.401248455,0,0,0,0,0.8887499968,1.5898228188,1.4965246314,27.5395306746,0.1149926819,0.3297924884,0.0640820563,0,0,0,0.7811387219,3.1692792252,1.448675861,2.5983313651,5.7272444045,6.5904662125,1.7382451507,7.7475490868,3.4591772805,1.3873687039,0.6558871207,0.9842704386,7.3964568774,4.4247250619,2.2721684091,0.8006690492,7.3670380053,0.3972272264,2.3606449006,5.1991866032,4.921167694,10.2452970048,5.6215679993,7.6682791213,0.9042373734,4.7766551214,2.4707561135,1.4957475377,0.7551696034,12.7434080789,9.0634690399,4.6560644905,4.4494046966,3.8261371131,0.3936646394,2.8085345719,0.9239728848,2.1778253131,6.6035920791,0.7940310476,2.3587466752,7.8920789113,3.2454433615,1.7013517084,3.0430916001,13.0530377428,8.3359422584,1.1504360518,6.1958532756,1.1204656915,3.6757106942,4.3894460648,3.1960571955,1.0892976873,3.9308934609,1.1391423376,6.0211447577,1.3303181284,4.4948309511,3.7882620928,5.2735368411,2.6615634126,5.3550953368,5.9158434272,4.0628400594,8.3715302447,0.9176190222,3.5133817693,2.9954656673,2.8436150029,1.9327679804,1.665839954,2.2841304758,3.9007267157,5.6403402214,2.8236553868,4.7837917904,4.1857486597,4.6325978935,4.1106943836,3.5326208572,1.4551970301,2.6373437295,4.0723075618,2.06129152,1.1194259583,1.3745697333,1.8561151326,1.985039585,3.6426293254,2.9144754351,2.9121518905,1.3178757988,4.3828124305,4.7108282099,2.3397584228,2.5029998968,1.0908178507,1.7029872544,3.349344302,1.555237184,2.1544537746,2.0509464648,1.7480288719,2.3519300499,2.8483493086,1.4766906587,1.8154815535,1.0464314508,1.857047777,1.4487768306,1.0937295121,1.4017779358,0.5157035043,1.6156423092,2.4071910953,0.5360560054,1.1870821072,0.6722197689,0.6886808552,0.561016758,0.8618145768,0.9539216127,1.2485161691,0.6720780745,0.6312116043,0.4792086761,0.5230102471,1.0406292775,0.3950613511,0.8175071267,0.7427832472,0.5376249567,0.6217471464,0.652656314,0.9529954875,0.1857779669,0.4105028184,0.5145187246,0.5274309491,0.9706002201,0.5244169394,0.4644786933,0.312622828,2.6234607349,1.3685024331,0.7419095899,0.3838239126,0.3225499961,0.5688215209,0.2719113616,0.4069738705,0.3940967328,0.6927452752,1.0599672471,0.4686866583,0.6065067848,0.5835961935,1.624443839,0.5257447716,0.1774995159,0.3375237758,0.4454089577,0.421786055,0.1143018982,0.3838921537,0.333234828,0.4470810456,2.923887367,0.1530553127,0.3138151318,0.4522579399,0.8905867835,0.4414414937,0.3766031911,0.8236148978,0.6034166912,0.8566577658,0.4648218006,0.547817296,0.3289546048,0.566415752,2.0580174749,1.5711462622,0.7386944524,0.1382787054,0.4727792318,0.7312661633,0.2466092557,1.2494127701,0.512634887,0.7716482319,1.0850426878,1.497293404,3.7700862202,11.226034455,5.1094790573,0.9162840645,0.5014001578,6.5631682376,10.0272754828,0.5984922728,0.9452198843,0.6591733843,0.679362903,0.4571683866,1.2658270175,0.4457135002,0.3291235371,0.0080000001,0.039466088,0.2191326518,0.1850577351,0.4471582929,0.249999785,0.5679426355,0.0606729221,0.0235193603,0.4455668634,0.0156109768,0.0716535157,0.1288379988,0.1764117718,0.0344446531,0.0254096737,0.0555933838,0,0.1130442455,0.2471970571,0.0478034727,0,1.0090624612,0.0828946801,1.7216788487,1.1132492833,0.3436772659,0.0315853134,0.3194487703,0.3256836869,0.6574152826,0.0437106093,1.0459670592,0.4914553538,1.2679263304,0.0386948387,0.0170291675,0.8636729692,2.2795552133,1.8199315115,1.3161456486,3.4221118366,1.0204205389,3.163290107,2.0641743491,0.8310638989,1.5463602226,0.0112763643,3.8955339467,7.7526080211,3.672502889,0.5469292793,1.2380553807,2.0547674559,3.0886168331,0.199842083,1.9456482083,3.9794198672,0.673369209,15.1420415739,5.6409933368,0,3.1112304529,1.1117065748,0,0,0,0,0,0,3.0556933184,1.9323597451,0,0,0.4328115384,0.2175000111,1.3706742724,0.4818922232,0.3974728187,3.2613272468,0,0.9824048877,0.1094774306,0,0,0,4.7827392171,0,
2010,6.7229397694,15.2751682798,0.1001037757,1.2970261872,0.1087500056,0.5232800941,0,0,0,0,2.0375962257,4.3840355078,5.5855139345,0.4378420512,0.5760293007,1.0663562963,11.9187093327,0,0,0.0899999936,0.2403112451,3.8529203931,15.0172293981,0,1.0628851453,2.3592687945,0.9295883278,2.9170118272,0,0,0,0,2.1112498045,0,0,1.7999999424,1.5374999642,1.702499946,0,0,0,0,0,0,0,0,0,0.5325000087,0.2062499871,22.9537499895,0.783749938,4.9874999126,7.8337499052,1.3199999581,0.056249996,0.8062499762,0.3187499841,3.0712499917,0.1387499968,0.140721495,0.7582374091,3.7182394365,1.2184106112,0.3498262068,2.386974737,2.3037810797,3.3008002515,10.5953137279,0.679307313,2.4625784258,1.0297671507,0.731746116,11.6544594988,1.8052420194,2.1933325703,5.4860234857,7.5719644427,1.6953673139,1.2136901145,1.077288496,1.4330960164,8.75709298,1.6944549109,12.8223559136,0.3145634606,0,6.2785801192,9.3686710546,1.0290452937,0.8799111458,0.3969821582,0.7572122365,1.1012039154,0.3271419927,1.209194328,1.7810190665,4.5904986858,0.5921354219,3.1393269487,3.3230494969,4.6709075967,0.8052616715,1.9945581605,8.7884475936,6.6124750997,0.3386279549,2.0251814338,1.0305572599,8.2146385362,7.2876382122,2.6327917775,0.7677388787,5.3845887681,10.1445473532,4.8569581111,5.3874097988,4.8116108725,16.5913221935,1.5953445012,11.2876000305,1.1414784156,0.2421916447,2.7601678396,0.4310301505,3.6475195549,7.7628212174,3.4579812437,6.864668111,4.099749436,10.970850716,1.4376575276,2.2610538751,3.4384423668,3.0412542472,4.057489271,1.2558438514,2.8324886858,4.1503891125,2.8211552153,2.1526924546,3.4204145347,9.9529180328,2.1510850092,0.6689061901,4.0264538427,6.6298002998,3.4383648937,1.9758045524,4.1498233279,4.8375205547,3.4741332096,3.050320598,6.5160224338,1.7591081069,2.1507008895,1.2931312819,2.3288590324,2.4392330498,1.6013669968,1.1738764284,1.7205181768,4.8377316967,2.2405278906,3.2155841788,2.0779165675,2.0033769285,2.7949234694,3.0416144108,1.8468701243,1.0114068774,2.0979674608,1.5800666685,0.5955705506,1.1810810727,2.0679664587,4.2134453605,0.6969687305,0.9227089373,1.3501030598,1.2575143588,1.8674228614,1.283292722,0.6937175859,0.8759622384,1.9988501162,2.6472736051,0.657043752,0.5984720889,0.2945868587,2.0961775718,1.2039582835,0.361120916,0.9015124682,1.7690058763,0.636217103,0.4681557265,0.3805709875,0.0739864285,0.3043166759,0.2899691574,0.9126622318,3.7039187302,0.4115251197,0.3459760888,0.6881383252,0.2705197974,0.3818771925,0.310657192,0.5044017614,0.6042198304,0.6195291467,0.4799036059,1.0907322963,0.6424080463,1.2067541828,0.8000604777,0.0649543852,0.5794348413,0.4872965378,0.6010698564,0.5527895751,0.5162183363,0.3778202422,0.3620366467,1.8425629673,0.3812500002,0.5717478953,0.475308517,0.3474215126,0.6567729743,0.4062604283,0.1473856041,0.3710657861,2.8111078143,0.8229806696,0.4992566034,0.6563580173,0.3333274089,0.35034171,0.2482436017,0.3092570106,0.1765270668,0.3948769731,3.580460495,1.0250250008,0.1592552935,0.2098838091,0.2409610711,1.8568654868,0.4391990226,0.9484712984,0.2965723723,0.2483596929,3.3772830913,0.2078830814,0.2096439349,0.1685961199,4.8635174632,6.2347619732,1.3986813935,0.641530307,0.571358126,0.1175430479,0.3172797939,0.4624023059,0.6592307873,0.6973583009,0.7838586345,0.2929151477,0.1696609342,0.3122112375,0.0577486136,0.0352292353,0.4960622378,0.5827385361,0.5646618232,0.8100559513,0.653172005,0.54673442,3.3468359088,0.6940817436,0.1980855453,0.3091955744,0.2172575084,0.3876247375,12.4018307527,2.4839795306,2.1297058687,1.5372720088,0.3567544545,0.2535698861,3.0081759157,4.2859364798,0.6460324585,0.9025451473,1.3584512211,0.413861438,1.1541515722,2.0375477398,0.2121423508,2.6893895417,1.4090872804,1.6366030723,1.3289708942,0.3319979912,3.9514888451,2.9877923777,1.243758237,1.4554636963,0.8145684842,2.2378696371,1.6134621776,3.5025238295,2.6081023055,1.730047072,0.5144034363,0.2887167021,0.5471375758,0,0.1045881857,0,0.2465810875,0,0,0.1294356622,0.2972835333,0.0714805722,0,2.6123889995,0.1096414154,0,0,0.5194835154,0.0534050216,0,0.3247680167,0.1485180159,0,0,0,0,0,1.1332101859,5.2608197692,1.7361541726,1.8850652315,0,0.2200144269,0.6847680236,0,0,0,0,0.3412499925,0.213054056,0,0,0,0,0,0,0.0149999994,0,0,0,
2011,0.0599999974,2.0247680545,0,0,0,0,0,0,0,0,0,0,1.2637499372,0,8.3174996376,0,0,0,0.2212499976,0,1.2899999817,0,0,0,0,0,0,0,0,2.286032257,0.7864609361,48.8864681721,12.683808287,0,2.5900255342,0,0,0,2.2971823613,0,1.1137499809,0,0.1885912021,0.290725112,1.158722202,2.446965615,4.3750445843,0,0,0.4267022113,0,51.4251277049,0.9589213133,0,0,0,0,0,0,0,0,0,0,0,0,0.2965082079,1.3883277078,2.3577451259,1.1448086028,0,0.3661972011,0.0974999964,1.1353667701,0.4579363316,4.4910363108,1.0414723257,1.7429252093,1.3643808799,1.2431185693,3.5781758651,2.2205924603,3.4640042211,1.6137357727,16.3717463439,3.6187004223,2.5462686221,3.1884233703,4.1388307313,3.9501750916,1.0187846298,0.1516443398,5.3087008198,0.5472483054,0.202887252,0.9117267001,0.4524268837,1.3693674114,1.8627841587,5.1474064042,5.1863314888,0.4409163728,0.6594038295,3.1099629638,1.4804069251,4.4706674119,0.0888141909,0.5774680873,0.6544970671,7.1320327173,0.4699668797,2.537313588,2.3839833674,2.5189669331,1.4679767688,2.3344708631,1.5346364447,3.3958654068,3.5603933868,1.5544829617,2.1042733515,3.233436356,4.2595692575,3.6603894507,1.5316614906,7.7260622382,1.5270627203,2.2117676362,1.8746364862,0.3283039344,7.5985012452,0.4210227877,2.6630404977,3.9883158753,1.2866216165,2.1174871897,3.0861113494,2.4922816157,1.7991020307,2.5483826337,1.7752426142,3.3449265237,3.0504068509,2.7592983643,3.939108178,1.7943691562,1.2439204132,1.8878707141,2.1168731861,13.7966002623,2.2432023461,1.4532714648,2.2715861785,1.7697488243,7.9644450049,8.6334236364,2.7097287917,1.4152866844,1.813677532,5.7309420941,4.2715976872,2.5801392489,5.9089910686,8.3536127607,2.0306081101,2.6134536664,2.5504977306,3.2892892311,1.7906584504,1.4543480457,1.7716144373,0.9586134714,0.8126373266,0.8262758348,0.5638978506,0.3925717066,2.6866137072,0.5087951683,0.985333511,0.5961833261,0.5140481132,2.1739657515,0.3055215788,0.4410099105,0.3152317069,0.5906778347,0.6469063244,0.4623454052,0.8734637722,0.7178434748,0.8178610876,0.3275735765,0.2901476327,0.2334171863,0.2378730684,0.1256476374,0.2634045926,0.1756476356,0.2565841417,2.6952899862,0.9814636428,0.2951853126,0.4113158317,0.5099632802,0.2091341969,0.1836087238,0.2606476384,0.1849205627,0.1924899006,1.3212748431,0.5781528397,1.8237447714,0.9100609509,0.3537500029,0.1900846139,0.242883333,0.2741366162,0.2077800703,0.2759999956,0.2307962353,0.1110000014,0.3722198264,0.1627775201,0.1444832006,0.1762883191,0.1505255246,0.184815318,0.3433501838,0.2394572974,0.1053001105,0.1352499978,0.1277695028,0.8548184798,0.2028495632,0.1666449935,0.1417500153,0.2056708531,0.0582047241,0.4949555739,0.1249344101,1.3818210757,1.5318669428,1.7130149913,0.202821523,0.3978282375,0.4310939604,0.1618198895,0.3132322558,0.2243731817,0.2301403775,0.1996495004,0.1818091646,0.1933418823,0.3964533185,0.1635832768,0.2585689115,0.1808527658,0.214637133,0.552156454,0.2109711679,0.1868506695,0.4352551289,0.2984569259,1.5896755233,0.8579154437,0.1158954365,0.1936506306,0.1652203705,0.1171115407,0.1665198527,0.2473614489,3.3902485073,0.7722778358,0.6745168529,1.0524884487,1.7712026685,6.9575814207,1.5563668025,3.7707500334,1.3951655726,0.1394228836,0.1533838784,0.1949009933,0.0656542952,0.1631564895,0.6350688512,1.5205213527,0.9043796187,0.126540374,0.0639443671,0.1253627688,0.1093121773,0,0,0.1029174874,3.6576911447,10.468660454,0.6584888784,2.4504085295,1.5461901637,6.1362096965,3.0781346063,0.5554909011,0.7591032094,2.1671936574,0.8540490294,12.081149896,11.7620785634,9.8017181357,9.4006927609,0.4415525595,4.582123667,0.9178928634,0.0770396441,0.0475422939,17.3019116521,2.5343219241,9.3126324713,27.158906281,0,3.0021678805,4.3468454431,1.1937779387,0.4888953368,3.0812844038,31.1853044033,14.7184574405,16.0240437041,6.7156711916,3.3362032374,0.0829811494,0,0,0,3.1701711168,6.0299999267,0.6974999656,0.4087499926,0,0,0,0.1574999938,0,0,0,0.712500006,0,0,0,0,0,0,0,0,3.696666489,0.1574999988,0,0,0,27.2397104104,0,0,0,0,0,0,
2012,0,0,0,0,1.175534308,0,0,0,0,0,0,0,0,0,0,0,0,0,0,0,0,0,0,0,0,1.2530838152,0,0,0.5253659288,36.3507146438,0,0,0,0,0,0,0,0,0,0.8488809442,0,0,0,0,0,0,0,0,0,27.5169406608,4.3180131031,0,0,0,0,0.0785546048,26.7546522617,4.5355135947,0,0,0,0.074999998,0.0918798496,1.7322735935,0,14.9076531281,0,0,0,0,5.3383264542,0,0,0,0.7664288978,5.0976914192,0.0862499947,0.2124235431,0,0.1072630088,0.8012043685,1.7014537354,2.5554604381,1.8175426647,0.2736024062,0.226124232,5.4732346659,4.9273366208,25.8165564537,4.259432296,2.9806677823,10.5346999566,1.1553012766,0.4357459533,0.4519308213,0.7348183679,0.0400678615,6.441954501,0.9661880912,2.3920929128,0.3161991397,0.2325862094,0.3495109597,0.8690927693,0.0929178546,0.0226139346,0.8197640659,0.4105587735,3.4025514722,3.6996581778,2.005167673,4.1579004725,1.4844573426,1.607119962,2.6377990668,1.8652943249,6.378017438,3.8811825216,5.1554705476,3.724719963,2.4113776063,0.8442581867,0.809018091,0.3889379222,1.0536180884,2.7312053045,6.6471277773,1.4995780407,1.2480008664,2.2547127729,3.3718519565,4.3856950104,1.5993219589,0.7455173278,1.9820597234,1.3929198779,0.9790735766,1.8148479834,3.6469265272,0.6216379814,0.5081343905,1.5541734553,1.2504142188,1.3594316555,2.807750153,1.6153486843,2.108844649,1.7045815016,1.9951248392,3.111941319,1.8054616253,1.8270519674,1.2789614225,0.953960708,1.5412877152,1.9474763125,1.5113196025,1.0281368718,0.8925667188,0.943948837,0.9885919336,0.7013164982,0.5567240467,1.0094128326,1.1733169996,0.9224756348,0.7262562302,0.3325816082,0.5179464774,0.7934151037,1.3619319697,2.8012725761,1.2333610747,1.5980916557,0.3874990518,1.9568620324,1.5171416004,0.9746334242,0.7159372407,3.2883024812,0.3684878238,0.4318081159,0.5771553634,0.5508743413,0.7169511852,0.7829251066,0.6561999271,0.3979544677,0.9886413533,1.017191759,0.4374346556,0.3210515529,0.4271997909,0.3510241484,0.2255000013,0.1773091269,1.0174638461,0.5965805066,0.4644775878,0.960498703,1.1347383335,0.5284981336,0.4884822518,0.3985910459,0.5745932062,1.5340396464,0.5289006603,8.4404431581,0.44961163,0.3556382706,0.2419999987,0.2552499957,0.364505923,0.1193663602,0.1605952779,0.1541929469,0.134281359,0.2013552847,1.5180174491,0.3106877308,0.4091070512,0.2532797055,0.4791415952,0.6757945297,0.9820576745,1.1201374301,0.6045520517,0.174692948,0.1640209082,0.246461022,0.1249955876,0.0742499977,0.1197500005,0.1296285928,0.0437499996,0.1264835621,0.7515201801,0.1268371549,0.2222497598,0.1135000009,0.1128685785,0.1687881481,0.0857499993,0.1157604572,0.0959721667,0.1719999996,0.1882533015,0.1580000042,0.183166299,0.1196677697,0.5435496137,0.2626677655,0.2104866095,0.2057237383,0.201945697,0.2511387598,0.2328239291,0.1470474259,0.0500000001,0.1451493558,0.1570039888,0.1354057137,0.1324999966,0.0950522264,0.0219999999,0.0612500012,0.0819999967,0.7702651843,0.1080000028,0.0447500013,0.0432500007,0.5185851206,1.5059585894,0.6611416191,0.2288757687,0.3710371504,0.3437075491,0.0149791862,0.2942887985,0.2534103096,0.1595748439,0.1013383282,0,0.0059999997,0.0249299953,0.0417345911,0.0699730851,0.3763797184,0.1964389533,1.5865880661,4.0957501779,0.146833666,0.7768870071,1.6548692478,1.6917139615,0.3804455511,0.6340206455,0.6771344679,1.3314982075,2.7829772991,0.5591686132,0.1855760844,0.2327299717,0.0635447701,0.1333748046,0,0.1010952791,2.924139455,13.2972380618,6.3059425801,9.9494404395,6.6529361904,14.3946044842,15.6835861007,2.0014495986,4.9251624296,0.2891587143,0.8934154958,0,3.6311297591,0.5590326066,0.7077293744,5.6630427192,0,0,1.3279697696,0.2799676955,0,0.5616252422,1.3084039812,3.1392136266,0.6696494718,5.1035191516,0,0,0,0,0.1079961509,2.3611823122,2.1015721411,1.5754771928,0.4740169048,0,0.9362793167,0,2.919649894,0,0,0,0.5637435615,0,0.1521569987,0,0,0,0,44.6533892949,0.0752264162,0,25.7257419427,0,1.0243800382,0,0,0,0
2013,0,0,0,0,0,0,0,0,0,0,7.0683482687,26.3913501104,0,0,5.8076622387,0,0,0,0,0,1.1501930753,5.6272581915,0,0,0.09375,0,0,0,0,0.3937499871,0.0412499979,2.8249600232,11.7994213502,0.9923794369,0.8643332521,0.074504743,0.8510207335,3.7150249879,5.9498647451,0,0,0,0.1222973665,0,6.4953264793,0,0,0.3402994374,0.6935142875,0,0,1.7469011148,0,0.8083011111,0,5.7920272251,0.251249969,0,0,0.0461086407,0.5415229822,12.0987154022,0.4589387774,4.6399957668,0.1896023353,0.1999232347,42.1076819499,1.0322023754,2.3110882541,0.3319867464,0.8165288369,0.109375226,8.3286623433,0.5963232418,1.3422276303,0.6940204153,0.791081675,7.2692835157,1.1585022211,0.8366427273,0.3966233594,0.0437308587,3.4298920358,4.1646106082,3.5684227273,7.7064821497,5.8818177159,1.0579327655,1.2019229134,5.244843329,3.6400031261,1.2232215889,1.0306081052,3.1993504502,6.1680642813,2.2118064519,2.5593750228,0.5943158803,1.793599202,1.6963948744,2.2302983999,6.0660772423,1.2556455111,8.2952130735,8.9570314686,1.509975185,4.8589806234,0.0763500767,0.6138337068,0.809940001,0.5117762449,2.9909596642,16.2452235818,4.1222059975,3.9069502633,7.4819639325,0.1585686368,1.7455954651,0.1883131973,0.1493724243,0.2793641761,1.4123160938,2.204601168,2.3021638499,1.7588133117,1.6667282283,1.6532414767,3.7006686941,1.4400340791,1.5943132391,2.1642935425,7.7222884943,0.7468434752,1.0799614067,1.1521817582,2.4365832408,1.8829906421,6.6067575067,11.5539838572,4.9832974076,2.6309449424,1.0600442452,8.546365877,0.7715191847,5.2037409743,1.1389495153,2.0808651038,0.8149104094,2.7549676845,2.817736684,2.0604268958,2.74672309,4.7455754777,1.1584536086,2.2768387025,3.526640336,0.5422499826,2.8907200446,1.5234791773,0.8835917662,1.0307669118,1.53374624,1.5183601032,2.4812815214,1.8958731356,1.372736793,2.2464661126,0.8526258804,0.9763213259,0.9805471214,0.7334662117,1.3189256899,1.326638865,0.8553078286,1.2143009144,1.1846008307,0.4118593546,3.8958537628,7.9147749692,1.2603226947,2.0636380551,0.1866139242,0.8957785244,1.3054661428,1.2387917054,0.1316484373,0.7700296193,0.3886752016,0.4903293451,1.3787081387,1.5688664957,1.3611898394,0.4098975317,1.2833360646,5.9457336391,0.3380972855,0.4948891453,0.1039696013,0.2532934546,0.2112114243,0.4950056666,2.3230800461,0.2550617835,0.1003647077,0.2389469345,0.2759545992,0.3043684096,0.152274318,0.0489457939,0.2304759348,0.1368887307,0.1833941707,0.4260299106,0.2478447245,0.0996402676,0.4733410838,0.3859933882,1.6697936356,6.0402048727,0.3512225014,0.1774269827,3.2716735403,0.2103668153,1.6738613239,0.2521422338,0.223122788,0.1655457231,0.4622818492,0.2123444825,0.6024679864,1.4060537855,0.8418640845,0.3677396091,0.3735651299,0.1942935263,0.3002934766,0.2012275029,0.4284585814,0.3256386158,0.2772949437,2.1094813993,0.0827882371,0.1641635373,0.1527785802,0.1623445936,0.1259834108,0.2716405839,0.1188397314,0.1943060023,0.1401476599,0.1527798331,0.1583968128,0.1421263283,0.1958707906,0.1668934928,0.1584533621,1.837004289,4.8283581355,1.50568119,0.7337986889,0.6196311112,0.2724026162,0.2603117991,0.3930219623,0.0322292127,0.3649502291,0.358954827,0.3897733142,0.6490062891,1.1769645779,0.074307592,0.0965278133,0.0474768939,0.2007151147,0.1560510496,0.220079078,0.3157657099,0.0392686327,0.257551888,0.2310650138,0.0903202786,0.039149511,3.5751886119,1.6775312337,1.1204155243,0.7044606285,0.1372093552,0.2081860347,0.0393368076,0.084826678,0.160045964,0,0.7851318419,0.2019066916,0.1195750476,1.4627198707,0.068659862,0.126598717,2.0682164033,2.5943298042,2.5512064987,3.4360695239,3.1250747815,1.0545988151,1.4888767612,1.0038090199,1.9397286996,3.8907038104,1.4033274725,1.181502223,1.3777458357,0.9364523826,1.8076092911,0.0615000005,0.0324891775,0.2570016853,0.8654337842,1.5457441757,1.4148266464,0.0265692696,0.5201231862,0.207970279,0.1124817996,0.0982632712,0.6056575204,1.3305158541,2.2710310916,2.0094028202,0.4423767577,0.9658844775,1.5396875218,0.2944526896,5.0039434905,0.8417747219,19.0823636254,2.5330564082,18.5073526998,1.4749076565,1.3214389781,1.326540341,5.8149435918,1.6194125066,0.073830078,10.7320274313,0,0,2.7814650337,0.3365386774,1.8168592453,0.1183830301,0,0,0,0,0,0,0,0,0,0,0,8.2832831144,0,0,0,
2014,0,0,0,0,0,0,0,0,0,0,0,0,2.2874999444,0,0,0,0,0,0,0,0,0,0,18.2587496241,0.4012499849,0,0,0,1.5487499634,0,0,0.0412499979,0.0126361897,0,0,0,0,0,0,0,0,0,0,0,0,0,0,0,0.8513571396,0,2.2911393084,48.1002260844,4.4292631,0,0,0,0,0,0,2.4841528237,0,0,0,0,0,0,0,0,0,0,0,47.8789030313,4.3364750942,1.0442188929,0,1.5982141644,0,0.9071166416,1.5061318179,2.6477776617,1.591062891,12.5879383087,0,2.534247458,0,1.4463979652,0,0,0.1614566743,0,0.7588981986,0.6897001664,0,7.7157055587,1.4285698583,0.6543474197,0.9540803631,0,0,26.9686739842,4.5976835241,0.3562556903,0,0.0606852521,0,2.2454083636,0,3.0200921545,1.330289041,0.6549970458,3.6081675005,0.7578941782,8.0546898767,6.5717430164,11.8477212588,0.4733826319,2.3026121805,18.430060486,1.4764003493,14.9520376126,3.0667342742,1.8191781541,1.2411248783,2.2950619186,0.8684679866,1.2085343512,1.5735335946,2.1519178996,2.349868762,1.5612174856,1.2963592323,0.5280215113,1.0926349374,0.7408287295,1.0967371489,1.8337498506,1.6119752824,0.6574268118,3.1028593828,1.6970438423,1.0769061372,1.4687861751,0.7177616991,1.4655221297,1.5930291414,2.7323180586,1.4227749842,0.9124944235,2.4575640485,4.7835638871,1.7334424729,1.0382661844,0.6498186314,1.0886150862,1.7130766263,1.1026310325,1.9269141431,4.4437709947,0.8643301865,1.450270903,1.2341564701,1.7848925851,0.7167691551,0.4898506018,1.9402620047,2.8089033912,0.7336673109,0.9876833387,0.6496214354,0.9706386182,0.9960664759,1.1705837231,0.4605970643,0.2716496577,0.502277224,0.3942062544,0.6713377777,0.6301916176,1.0391351941,0.1791564301,0.3714583702,0.7458584234,0.6643709876,0.5406400835,0.5274331725,0.5215248639,0.5743238094,0.7975643054,0.6993623711,0.1394610417,0.5899477943,0.1460258731,0.5730646749,0.4367166025,0.4653460595,0.6187225829,0.4974373703,0.21939196,0.4343654985,0.285378227,0.4214249353,0.4461857375,0.1314021815,0.1586333284,0.3728079206,0.1722409852,0.3776045777,0.1700547139,4.7492819056,0.3519906191,0.321505333,0.2231728422,0.1662884677,0.216308514,0.5465145304,0.2170108159,0.1690085536,0.1293366402,0.1332874379,0.1701911765,0.1078220373,0.1471966837,0.0270323741,0.0795887439,0.1378968433,0.7547660569,0.8630045112,0.9423679644,0.3756104348,0.2273885322,0.0836499805,0.1225774931,0.0791466332,0.1023046837,0.1524372467,0.1946841981,0.5964791353,0.211782073,0.0570352195,0.084934953,0.0894321731,0.0467303166,0.1176865933,0.1107157329,0.2125493117,0.1970443438,0.2022526761,0.2315241437,0.2138735702,0.0336363642,0.0726621731,0.0789085291,0.0650022657,0.0653151364,0.06551313,0.0172390395,0.106600238,1.0229735399,0.0650379763,0.1497848881,0.2413078131,0.0525151201,0,0.045257474,0.0554929962,0.1064605983,2.3913696449,0.0881294173,0.1818779837,1.9881453464,0.0699637961,0.2351799477,4.9191701598,13.2231957912,6.7382984112,0.7926815056,0.5391154252,0.056249996,1.1474532398,0.0824999971,0.8237710999,2.1330344391,1.7968486768,3.4295347681,2.5144385373,4.1061158146,2.0950212159,3.5306077627,1.3716282435,0.0085384548,4.0649984355,4.9057185473,1.8755547814,7.4294443652,0,10.389357347,0.4772122391,0,15.1880033265,3.02725688,0,0,0,0.9760793646,0,0.1537499974,22.241249154,0.2737499947,0,0,0,0,0,0,1.2712499773,0,0,0,0,0,0,0,0,0,0,0,0.2812499851,6.5474998628,0,0,0,0,0,0,0,0,1.7999999573,0,0,4.066144983,0,0,0,0,0,0,0,0,0,0,0,0,6.1162498196,0,0,0,0,0.0712500016,0.2212499976,0,0,0,0,0,0,
2015,0,0.5999999841,0,2.4562497338,0,0,0,0,0.2324999968,0,0.3449999491,0,0,0.1574999988,0,0,0.5700000127,0,0.2324999968,0.3449999491,0,0,0,0,0,0,0,0,0,0,0,0.2170103018,0,0,0,0,0,0,0,1.2290680508,0,0.2548893293,0,0,0,0,0,0,0,0,0.9162725508,0,16.6964984735,0,30.355450352,4.8454756637,0,0,0,0,0,0,0,0,11.0287496224,0,0,2.4712499405,0,0,0,0,1.0987499952,0,0,0,0,0,0,0,2.1487499985,8.0174997648,17.2912494689,0,0,0.2324999919,0,0,0,0.3862499942,0.0433074435,0,0.0528576337,0,0.3516872134,1.3010842204,0.1977684864,0,0.2959144662,1.7312717661,2.7661399357,3.5520051631,7.1547344911,5.0667863488,3.7245040859,0.0085845068,1.2788425113,0.5308057268,0.7935591352,0.8632410783,1.468747211,6.1837871224,2.250791767,4.4810343534,3.4900738498,13.84134534,0.1478783879,2.0357363143,2.990691036,1.4144394994,5.5640862087,0.9141719043,3.3449950429,2.7062729498,2.7399364089,1.8603790179,3.423096668,5.7840945752,2.0100397542,1.5931918509,1.330270047,0.9290304737,1.8486999422,2.8344034615,1.9210921464,6.6591169635,0.7135538077,0.6937793214,2.5668102208,0.5228131255,0.8604637763,0.7929476177,2.7587885732,1.876843386,1.8846293303,0.4392624628,2.0494847546,1.8938356445,1.9581936244,2.1936799524,2.0524977073,0.4377871764,1.1734071712,0.8042046369,0.6207270001,0.6563645431,0.7896886402,0.8160800432,3.2875707895,0.6751863814,0.7595548164,0.7252838245,0.7918556233,1.1875516381,2.8574943542,0.9267182397,0.7734101222,0.7901542125,0.7869142406,0.2851114919,0.8198828902,0.2706395673,0.3513113108,2.3412074149,1.1822672041,0.4626462352,0.5341681596,0.2943928106,0.40295118,0.7726519626,0.5873274552,0.2272573321,0.1467349635,0.2832642409,0.2412202661,0.1929527993,0.2148759412,0.2138540652,0.1521543333,0.138116433,0.2261085759,0.2858107189,0.0504056448,0.3455268449,0.2708485369,0.0851743226,0.1243514481,0.880540221,1.0424797687,0.2537723682,0.5770997082,0.2328837824,0.0483950982,0.2530801486,0.2945960549,0.054918107,0.1132567273,0.4896558692,1.7525915553,0.1801924914,0.1216543708,0.1257963488,,,,,,,,,,,,,,,,,,,,,,,,,,,,,,,,,,,,,,,,,,,,,,,,,,,,,,,,,,,,,,,,,,,,,,,,,,,,,,,,,,,,,,,,,,,,,,,,,,,,,,,,,,,,,,,,,,,,,,,,,,,,,,,,,,,,,,,,,,,,,,,,,,,,,,,,,,
